{
  "docusaurus-plugin-content-docs": {
    "default": {
      "path": "/docs",
      "versions": [
        {
          "name": "current",
          "label": "Next",
          "isLast": true,
          "path": "/docs",
          "mainDocId": "intro",
          "docs": [
            {
              "id": "가이드/대시보드/속성/cellHeight",
              "path": "/docs/가이드/대시보드/속성/cellHeight",
              "sidebar": "guideSidebar"
            },
            {
              "id": "가이드/대시보드/속성/children",
              "path": "/docs/가이드/대시보드/속성/children",
              "sidebar": "guideSidebar"
            },
            {
              "id": "가이드/대시보드/속성/column",
              "path": "/docs/가이드/대시보드/속성/column",
              "sidebar": "guideSidebar"
            },
            {
              "id": "가이드/대시보드/속성/disableDrag",
              "path": "/docs/가이드/대시보드/속성/disableDrag",
              "sidebar": "guideSidebar"
            },
            {
              "id": "가이드/대시보드/속성/disableResize",
              "path": "/docs/가이드/대시보드/속성/disableResize",
              "sidebar": "guideSidebar"
            },
            {
              "id": "가이드/대시보드/속성/float",
              "path": "/docs/가이드/대시보드/속성/float",
              "sidebar": "guideSidebar"
            },
            {
              "id": "가이드/대시보드/속성/level",
              "path": "/docs/가이드/대시보드/속성/level",
              "sidebar": "guideSidebar"
            },
            {
              "id": "가이드/대시보드/속성/margin",
              "path": "/docs/가이드/대시보드/속성/margin",
              "sidebar": "guideSidebar"
            },
            {
              "id": "가이드/대시보드/속성/maxRow",
              "path": "/docs/가이드/대시보드/속성/maxRow",
              "sidebar": "guideSidebar"
            },
            {
              "id": "가이드/대시보드/속성/minRow",
              "path": "/docs/가이드/대시보드/속성/minRow",
              "sidebar": "guideSidebar"
            },
            {
              "id": "가이드/대시보드/API/addWidget",
              "path": "/docs/가이드/대시보드/API/addWidget",
              "sidebar": "guideSidebar"
            },
            {
              "id": "가이드/대시보드/API/getWidget",
              "path": "/docs/가이드/대시보드/API/getWidget",
              "sidebar": "guideSidebar"
            },
            {
              "id": "가이드/대시보드/API/removeWidget",
              "path": "/docs/가이드/대시보드/API/removeWidget",
              "sidebar": "guideSidebar"
            },
            {
              "id": "가이드/대시보드/API/selectWidget",
              "path": "/docs/가이드/대시보드/API/selectWidget",
              "sidebar": "guideSidebar"
            },
            {
              "id": "가이드/대시보드/API/serialize",
              "path": "/docs/가이드/대시보드/API/serialize",
              "sidebar": "guideSidebar"
            },
            {
              "id": "가이드/대시보드/API/updateWidget",
              "path": "/docs/가이드/대시보드/API/updateWidget",
              "sidebar": "guideSidebar"
            },
            {
              "id": "가이드/대시보드/Static API/create",
              "path": "/docs/가이드/대시보드/Static API/create",
              "sidebar": "guideSidebar"
            },
            {
              "id": "가이드/대시보드/Static API/deserialize",
              "path": "/docs/가이드/대시보드/Static API/deserialize",
              "sidebar": "guideSidebar"
            },
            {
              "id": "가이드/대시보드/Static API/destroy",
              "path": "/docs/가이드/대시보드/Static API/destroy",
              "sidebar": "guideSidebar"
            },
            {
              "id": "가이드/대시보드/Static API/get",
              "path": "/docs/가이드/대시보드/Static API/get",
              "sidebar": "guideSidebar"
            },
            {
              "id": "가이드/맵/속성/map",
              "path": "/docs/가이드/맵/속성/map",
              "sidebar": "guideSidebar"
            },
            {
              "id": "가이드/맵/속성/point",
              "path": "/docs/가이드/맵/속성/point",
              "sidebar": "guideSidebar"
            },
            {
              "id": "가이드/맵/속성/subtitle",
              "path": "/docs/가이드/맵/속성/subtitle",
              "sidebar": "guideSidebar"
            },
            {
              "id": "가이드/맵/속성/theme",
              "path": "/docs/가이드/맵/속성/theme",
              "sidebar": "guideSidebar"
            },
            {
              "id": "가이드/맵/속성/title",
              "path": "/docs/가이드/맵/속성/title",
              "sidebar": "guideSidebar"
            },
            {
              "id": "가이드/맵/DataSet 가이드",
              "path": "/docs/가이드/맵/DataSet 가이드",
              "sidebar": "guideSidebar"
            },
            {
              "id": "가이드/시트/속성/CanSort",
              "path": "/docs/가이드/시트/속성/CanSort",
              "sidebar": "guideSidebar"
            },
            {
              "id": "가이드/시트/속성/CustomScroll",
              "path": "/docs/가이드/시트/속성/CustomScroll",
              "sidebar": "guideSidebar"
            },
            {
              "id": "가이드/시트/속성/Data Merge",
              "path": "/docs/가이드/시트/속성/Data Merge",
              "sidebar": "guideSidebar"
            },
            {
              "id": "가이드/시트/속성/Filter Dialog",
              "path": "/docs/가이드/시트/속성/Filter Dialog",
              "sidebar": "guideSidebar"
            },
            {
              "id": "가이드/시트/속성/Filter Row",
              "path": "/docs/가이드/시트/속성/Filter Row",
              "sidebar": "guideSidebar"
            },
            {
              "id": "가이드/시트/속성/RowMinHeight",
              "path": "/docs/가이드/시트/속성/RowMinHeight",
              "sidebar": "guideSidebar"
            },
            {
              "id": "가이드/시트/속성/Theme",
              "path": "/docs/가이드/시트/속성/Theme",
              "sidebar": "guideSidebar"
            },
            {
              "id": "가이드/시트/DataSet 가이드",
              "path": "/docs/가이드/시트/DataSet 가이드",
              "sidebar": "guideSidebar"
            },
            {
              "id": "가이드/이미지/URL 가이드",
              "path": "/docs/가이드/이미지/URL 가이드",
              "sidebar": "guideSidebar"
            },
            {
              "id": "가이드/차트/속성/legend",
              "path": "/docs/가이드/차트/속성/legend",
              "sidebar": "guideSidebar"
            },
            {
              "id": "가이드/차트/속성/plotOption bar",
              "path": "/docs/가이드/차트/속성/plotOption bar",
              "sidebar": "guideSidebar"
            },
            {
              "id": "가이드/차트/속성/plotOption Line",
              "path": "/docs/가이드/차트/속성/plotOption Line",
              "sidebar": "guideSidebar"
            },
            {
              "id": "가이드/차트/속성/plotOption Pie",
              "path": "/docs/가이드/차트/속성/plotOption Pie",
              "sidebar": "guideSidebar"
            },
            {
              "id": "가이드/차트/속성/subtitle",
              "path": "/docs/가이드/차트/속성/subtitle",
              "sidebar": "guideSidebar"
            },
            {
              "id": "가이드/차트/속성/theme",
              "path": "/docs/가이드/차트/속성/theme",
              "sidebar": "guideSidebar"
            },
            {
              "id": "가이드/차트/속성/title",
              "path": "/docs/가이드/차트/속성/title",
              "sidebar": "guideSidebar"
            },
            {
              "id": "가이드/차트/속성/xAxis",
              "path": "/docs/가이드/차트/속성/xAxis",
              "sidebar": "guideSidebar"
            },
            {
              "id": "가이드/차트/속성/yAxis",
              "path": "/docs/가이드/차트/속성/yAxis",
              "sidebar": "guideSidebar"
            },
            {
              "id": "가이드/차트/DataSet 가이드",
              "path": "/docs/가이드/차트/DataSet 가이드",
              "sidebar": "guideSidebar"
            },
            {
              "id": "가이드/KPI/속성/data",
              "path": "/docs/가이드/KPI/속성/data",
              "sidebar": "guideSidebar"
            },
            {
              "id": "가이드/KPI/속성/subtitle",
              "path": "/docs/가이드/KPI/속성/subtitle",
              "sidebar": "guideSidebar"
            },
            {
              "id": "가이드/KPI/속성/title",
              "path": "/docs/가이드/KPI/속성/title",
              "sidebar": "guideSidebar"
            },
            {
              "id": "가이드/KPI/DataSet 가이드",
              "path": "/docs/가이드/KPI/DataSet 가이드",
              "sidebar": "guideSidebar"
            },
            {
              "id": "시작하기/구성/데이터셋 구성",
              "path": "/docs/시작하기/구성/데이터셋 구성",
              "sidebar": "guideSidebar"
            },
            {
              "id": "시작하기/구성/사이드바 구성",
              "path": "/docs/시작하기/구성/사이드바 구성",
              "sidebar": "guideSidebar"
            },
            {
              "id": "시작하기/구성/위젯 생성",
              "path": "/docs/시작하기/구성/위젯 생성",
              "sidebar": "guideSidebar"
            },
            {
              "id": "시작하기/구성/위젯 종류",
              "path": "/docs/시작하기/구성/위젯 종류",
              "sidebar": "guideSidebar"
            },
            {
              "id": "시작하기/설치",
              "path": "/docs/시작하기/설치",
              "sidebar": "guideSidebar"
            },
            {
              "id": "시작하기/필수파일",
              "path": "/docs/시작하기/필수파일",
              "sidebar": "guideSidebar"
            },
            {
              "id": "intro",
              "path": "/docs/intro",
              "sidebar": "guideSidebar"
            }
          ],
          "draftIds": [],
          "sidebars": {
            "guideSidebar": {
              "link": {
                "path": "/docs/intro",
                "label": "intro"
              }
            }
          }
        }
      ],
      "breadcrumbs": true
    }
  }
}