{
  "/__docusaurus/debug-5ff": {
    "__comp": "__comp---theme-debug-config-23-a-2ff",
    "__context": {
      "plugin": "plugin---docusaurus-debugb-38-ad3"
    }
  },
  "/__docusaurus/debug/config-5ba": {
    "__comp": "__comp---theme-debug-config-23-a-2ff",
    "__context": {
      "plugin": "plugin---docusaurus-debugb-38-ad3"
    }
  },
  "/__docusaurus/debug/content-a2b": {
    "__comp": "__comp---theme-debug-contentba-8-ce7",
    "__context": {
      "plugin": "plugin---docusaurus-debugb-38-ad3"
    },
    "__props": "__props---docusaurus-debug-content-3-c-0-be2"
  },
  "/__docusaurus/debug/globalData-c3c": {
    "__comp": "__comp---theme-debug-global-dataede-0fa",
    "__context": {
      "plugin": "plugin---docusaurus-debugb-38-ad3"
    }
  },
  "/__docusaurus/debug/metadata-156": {
    "__comp": "__comp---theme-debug-site-metadata-68-e-3d4",
    "__context": {
      "plugin": "plugin---docusaurus-debugb-38-ad3"
    }
  },
  "/__docusaurus/debug/registry-88c": {
    "__comp": "__comp---theme-debug-registry-679-501",
    "__context": {
      "plugin": "plugin---docusaurus-debugb-38-ad3"
    }
  },
  "/__docusaurus/debug/routes-000": {
    "__comp": "__comp---theme-debug-routes-946-699",
    "__context": {
      "plugin": "plugin---docusaurus-debugb-38-ad3"
    }
  },
  "/markdown-page-3d7": {
    "__comp": "__comp---theme-mdx-page-1-f-3-b90",
    "__context": {
      "plugin": "plugin---markdown-pagea-74-7b5"
    },
    "content": "content---markdown-page-393-028"
  },
  "/docs-69d": {
    "__comp": "__comp---theme-docs-root-5-e-9-0b6",
    "__context": {
      "plugin": "plugin---docsaba-d7c"
    }
  },
  "/docs-8aa": {
    "__comp": "__comp---theme-doc-version-roota-7-b-5de",
    "__props": "__props---docs-005-788"
  },
  "/docs-40f": {
    "__comp": "__comp---theme-doc-roota-94-67a"
  },
  "/docs/가이드/대시보드/속성/cellHeight-e92": {
    "__comp": "__comp---theme-doc-item-178-a40",
    "content": "content---docs-가이드-대시보드-속성-cell-height-155-efa"
  },
  "/docs/가이드/대시보드/속성/children-960": {
    "__comp": "__comp---theme-doc-item-178-a40",
    "content": "content---docs-가이드-대시보드-속성-children-6-e-0-cc8"
  },
  "/docs/가이드/대시보드/속성/column-a6c": {
    "__comp": "__comp---theme-doc-item-178-a40",
    "content": "content---docs-가이드-대시보드-속성-column-07-f-878"
  },
  "/docs/가이드/대시보드/속성/disableDrag-3eb": {
    "__comp": "__comp---theme-doc-item-178-a40",
    "content": "content---docs-가이드-대시보드-속성-disable-drag-572-22a"
  },
  "/docs/가이드/대시보드/속성/disableResize-561": {
    "__comp": "__comp---theme-doc-item-178-a40",
    "content": "content---docs-가이드-대시보드-속성-disable-resize-808-8eb"
  },
  "/docs/가이드/대시보드/속성/float-a2a": {
    "__comp": "__comp---theme-doc-item-178-a40",
    "content": "content---docs-가이드-대시보드-속성-float-7-b-8-b10"
  },
  "/docs/가이드/대시보드/속성/level-6bc": {
    "__comp": "__comp---theme-doc-item-178-a40",
    "content": "content---docs-가이드-대시보드-속성-level-22-f-7b3"
  },
  "/docs/가이드/대시보드/속성/margin-82b": {
    "__comp": "__comp---theme-doc-item-178-a40",
    "content": "content---docs-가이드-대시보드-속성-margin-197-4a3"
  },
  "/docs/가이드/대시보드/속성/maxRow-803": {
    "__comp": "__comp---theme-doc-item-178-a40",
    "content": "content---docs-가이드-대시보드-속성-max-row-9-bb-c66"
  },
  "/docs/가이드/대시보드/속성/minRow-cec": {
    "__comp": "__comp---theme-doc-item-178-a40",
    "content": "content---docs-가이드-대시보드-속성-min-rowccc-5f9"
  },
  "/docs/가이드/대시보드/API/addWidget-86c": {
    "__comp": "__comp---theme-doc-item-178-a40",
    "content": "content---docs-가이드-대시보드-api-add-widgetccc-1eb"
  },
  "/docs/가이드/대시보드/API/getWidget-89d": {
    "__comp": "__comp---theme-doc-item-178-a40",
    "content": "content---docs-가이드-대시보드-api-get-widget-5-ce-a44"
  },
  "/docs/가이드/대시보드/API/removeWidget-e6d": {
    "__comp": "__comp---theme-doc-item-178-a40",
    "content": "content---docs-가이드-대시보드-api-remove-widgetb-03-f3c"
  },
  "/docs/가이드/대시보드/API/selectWidget-e32": {
    "__comp": "__comp---theme-doc-item-178-a40",
    "content": "content---docs-가이드-대시보드-api-select-widget-279-42a"
  },
  "/docs/가이드/대시보드/API/serialize-b4d": {
    "__comp": "__comp---theme-doc-item-178-a40",
    "content": "content---docs-가이드-대시보드-api-serialize-1-bf-dc1"
  },
  "/docs/가이드/대시보드/API/updateWidget-188": {
    "__comp": "__comp---theme-doc-item-178-a40",
    "content": "content---docs-가이드-대시보드-api-update-widget-36-e-427"
  },
  "/docs/가이드/대시보드/Static API/create-a32": {
    "__comp": "__comp---theme-doc-item-178-a40",
    "content": "content---docs-가이드-대시보드-static-api-createcdd-af8"
  },
  "/docs/가이드/대시보드/Static API/deserialize-45c": {
    "__comp": "__comp---theme-doc-item-178-a40",
    "content": "content---docs-가이드-대시보드-static-api-deserializea-44-b86"
  },
  "/docs/가이드/대시보드/Static API/destroy-1c1": {
    "__comp": "__comp---theme-doc-item-178-a40",
    "content": "content---docs-가이드-대시보드-static-api-destroy-99-a-4d2"
  },
  "/docs/가이드/대시보드/Static API/get-b4a": {
    "__comp": "__comp---theme-doc-item-178-a40",
    "content": "content---docs-가이드-대시보드-static-api-getd-61-42a"
  },
  "/docs/가이드/맵/속성/map-f2b": {
    "__comp": "__comp---theme-doc-item-178-a40",
    "content": "content---docs-가이드-맵-속성-map-1-a-7-055"
  },
  "/docs/가이드/맵/속성/point-ab3": {
    "__comp": "__comp---theme-doc-item-178-a40",
    "content": "content---docs-가이드-맵-속성-pointc-47-578"
  },
  "/docs/가이드/맵/속성/subtitle-271": {
    "__comp": "__comp---theme-doc-item-178-a40",
    "content": "content---docs-가이드-맵-속성-subtitle-8-d-1-f29"
  },
  "/docs/가이드/맵/속성/theme-f18": {
    "__comp": "__comp---theme-doc-item-178-a40",
    "content": "content---docs-가이드-맵-속성-themeafa-f07"
  },
  "/docs/가이드/맵/속성/title-5f5": {
    "__comp": "__comp---theme-doc-item-178-a40",
    "content": "content---docs-가이드-맵-속성-titlef-88-651"
  },
  "/docs/가이드/맵/DataSet 가이드-a02": {
    "__comp": "__comp---theme-doc-item-178-a40",
    "content": "content---docs-가이드-맵-data-set-가이드-817-7d2"
  },
  "/docs/가이드/시트/속성/CanSort-437": {
    "__comp": "__comp---theme-doc-item-178-a40",
    "content": "content---docs-가이드-시트-속성-can-sort-2-d-3-2e7"
  },
  "/docs/가이드/시트/속성/CustomScroll-d0c": {
    "__comp": "__comp---theme-doc-item-178-a40",
    "content": "content---docs-가이드-시트-속성-custom-scrollbe-7-89a"
  },
  "/docs/가이드/시트/속성/Data Merge-ac5": {
    "__comp": "__comp---theme-doc-item-178-a40",
    "content": "content---docs-가이드-시트-속성-data-merge-04-a-1e7"
  },
  "/docs/가이드/시트/속성/Filter Dialog-e49": {
    "__comp": "__comp---theme-doc-item-178-a40",
    "content": "content---docs-가이드-시트-속성-filter-dialog-7-a-7-a62"
  },
  "/docs/가이드/시트/속성/Filter Row-892": {
    "__comp": "__comp---theme-doc-item-178-a40",
    "content": "content---docs-가이드-시트-속성-filter-rowe-25-26d"
  },
  "/docs/가이드/시트/속성/RowMinHeight-3a8": {
    "__comp": "__comp---theme-doc-item-178-a40",
    "content": "content---docs-가이드-시트-속성-row-min-height-21-b-df3"
  },
  "/docs/가이드/시트/속성/Theme-fef": {
    "__comp": "__comp---theme-doc-item-178-a40",
    "content": "content---docs-가이드-시트-속성-theme-150-b0e"
  },
  "/docs/가이드/시트/DataSet 가이드-38d": {
    "__comp": "__comp---theme-doc-item-178-a40",
    "content": "content---docs-가이드-시트-data-set-가이드-817-51a"
  },
  "/docs/가이드/이미지/URL 가이드-f0e": {
    "__comp": "__comp---theme-doc-item-178-a40",
    "content": "content---docs-가이드-이미지-url-가이드-447-2b4"
  },
  "/docs/가이드/차트/속성/legend-e01": {
    "__comp": "__comp---theme-doc-item-178-a40",
    "content": "content---docs-가이드-차트-속성-legend-27-e-7f3"
  },
  "/docs/가이드/차트/속성/plotOption bar-f23": {
    "__comp": "__comp---theme-doc-item-178-a40",
    "content": "content---docs-가이드-차트-속성-plot-option-bar-9-be-811"
  },
  "/docs/가이드/차트/속성/plotOption Line-55f": {
    "__comp": "__comp---theme-doc-item-178-a40",
    "content": "content---docs-가이드-차트-속성-plot-option-linea-13-4f8"
  },
  "/docs/가이드/차트/속성/plotOption Pie-3f8": {
    "__comp": "__comp---theme-doc-item-178-a40",
    "content": "content---docs-가이드-차트-속성-plot-option-pied-8-f-97e"
  },
  "/docs/가이드/차트/속성/subtitle-ba7": {
    "__comp": "__comp---theme-doc-item-178-a40",
    "content": "content---docs-가이드-차트-속성-subtitlec-61-921"
  },
  "/docs/가이드/차트/속성/theme-3f3": {
    "__comp": "__comp---theme-doc-item-178-a40",
    "content": "content---docs-가이드-차트-속성-theme-9-e-2-e0c"
  },
  "/docs/가이드/차트/속성/title-d26": {
    "__comp": "__comp---theme-doc-item-178-a40",
    "content": "content---docs-가이드-차트-속성-title-5-ac-2d2"
  },
  "/docs/가이드/차트/속성/xAxis-932": {
    "__comp": "__comp---theme-doc-item-178-a40",
    "content": "content---docs-가이드-차트-속성-x-axis-9-bc-70f"
  },
  "/docs/가이드/차트/속성/yAxis-79c": {
    "__comp": "__comp---theme-doc-item-178-a40",
    "content": "content---docs-가이드-차트-속성-y-axis-450-edf"
  },
  "/docs/가이드/차트/DataSet 가이드-e35": {
    "__comp": "__comp---theme-doc-item-178-a40",
    "content": "content---docs-가이드-차트-data-set-가이드-56-b-0f8"
  },
  "/docs/가이드/KPI/속성/data-6f7": {
    "__comp": "__comp---theme-doc-item-178-a40",
    "content": "content---docs-가이드-kpi-속성-data-3-f-8-7f9"
  },
  "/docs/가이드/KPI/속성/subtitle-076": {
    "__comp": "__comp---theme-doc-item-178-a40",
    "content": "content---docs-가이드-kpi-속성-subtitle-0-e-7-7ff"
  },
  "/docs/가이드/KPI/속성/title-d2f": {
    "__comp": "__comp---theme-doc-item-178-a40",
    "content": "content---docs-가이드-kpi-속성-title-246-cb5"
  },
  "/docs/가이드/KPI/DataSet 가이드-048": {
    "__comp": "__comp---theme-doc-item-178-a40",
    "content": "content---docs-가이드-kpi-data-set-가이드-180-851"
  },
  "/docs/시작하기/구성/데이터셋 구성-e81": {
    "__comp": "__comp---theme-doc-item-178-a40",
    "content": "content---docs-시작하기-구성-데이터셋-구성-8-b-9-b9c"
  },
  "/docs/시작하기/구성/사이드바 구성-f71": {
    "__comp": "__comp---theme-doc-item-178-a40",
    "content": "content---docs-시작하기-구성-사이드바-구성d-8-f-6b6"
  },
  "/docs/시작하기/구성/위젯 생성-978": {
    "__comp": "__comp---theme-doc-item-178-a40",
    "content": "content---docs-시작하기-구성-위젯-생성e-99-d33"
  },
  "/docs/시작하기/구성/위젯 종류-eec": {
    "__comp": "__comp---theme-doc-item-178-a40",
    "content": "content---docs-시작하기-구성-위젯-종류c-45-926"
  },
  "/docs/시작하기/설치-48e": {
    "__comp": "__comp---theme-doc-item-178-a40",
    "content": "content---docs-시작하기-설치fbc-8c3"
  },
  "/docs/시작하기/필수파일-146": {
    "__comp": "__comp---theme-doc-item-178-a40",
    "content": "content---docs-시작하기-필수파일f-8-a-aef"
  },
  "/docs/intro-c2e": {
    "__comp": "__comp---theme-doc-item-178-a40",
    "content": "content---docs-introa-42-bfc"
  },
  "/-e5f": {
    "__comp": "__comp---site-src-pages-index-tsx-1-df-d3e",
    "__context": {
      "plugin": "plugin---markdown-pagea-74-7b5"
    },
    "config": "config---5-e-9-4f3"
  }
}