{"allContent":{"docusaurus-plugin-content-docs":{"default":{"loadedVersions":[{"versionName":"current","label":"Next","banner":null,"badge":false,"noIndex":false,"className":"docs-version-current","path":"/docs","tagsPath":"/docs/tags","isLast":true,"routePriority":-1,"sidebarFilePath":"C:\\workspace\\softin\\ibdashboard-guide\\sidebars.ts","contentPath":"C:\\workspace\\softin\\ibdashboard-guide\\docs","contentPathLocalized":"C:\\workspace\\softin\\ibdashboard-guide\\i18n\\en\\docusaurus-plugin-content-docs\\current","docs":[{"id":"가이드/대시보드/속성/cellHeight","title":"cellHeight","description":"타입","source":"@site/docs/2. 가이드/1. 대시보드/1. 속성/3. cellHeight.md","sourceDirName":"2. 가이드/1. 대시보드/1. 속성","slug":"/가이드/대시보드/속성/cellHeight","permalink":"/docs/가이드/대시보드/속성/cellHeight","draft":false,"unlisted":false,"tags":[],"version":"current","sidebarPosition":3,"frontMatter":{},"sidebar":"guideSidebar","previous":{"title":"margin","permalink":"/docs/가이드/대시보드/속성/margin"},"next":{"title":"children","permalink":"/docs/가이드/대시보드/속성/children"}},{"id":"가이드/대시보드/속성/children","title":"children","description":"타입","source":"@site/docs/2. 가이드/1. 대시보드/1. 속성/4. children.md","sourceDirName":"2. 가이드/1. 대시보드/1. 속성","slug":"/가이드/대시보드/속성/children","permalink":"/docs/가이드/대시보드/속성/children","draft":false,"unlisted":false,"tags":[],"version":"current","sidebarPosition":4,"frontMatter":{},"sidebar":"guideSidebar","previous":{"title":"cellHeight","permalink":"/docs/가이드/대시보드/속성/cellHeight"},"next":{"title":"column","permalink":"/docs/가이드/대시보드/속성/column"}},{"id":"가이드/대시보드/속성/column","title":"column","description":"타입","source":"@site/docs/2. 가이드/1. 대시보드/1. 속성/5. column.md","sourceDirName":"2. 가이드/1. 대시보드/1. 속성","slug":"/가이드/대시보드/속성/column","permalink":"/docs/가이드/대시보드/속성/column","draft":false,"unlisted":false,"tags":[],"version":"current","sidebarPosition":5,"frontMatter":{},"sidebar":"guideSidebar","previous":{"title":"children","permalink":"/docs/가이드/대시보드/속성/children"},"next":{"title":"disableDrag","permalink":"/docs/가이드/대시보드/속성/disableDrag"}},{"id":"가이드/대시보드/속성/disableDrag","title":"disableDrag","description":"타입","source":"@site/docs/2. 가이드/1. 대시보드/1. 속성/6. disableDrag.md","sourceDirName":"2. 가이드/1. 대시보드/1. 속성","slug":"/가이드/대시보드/속성/disableDrag","permalink":"/docs/가이드/대시보드/속성/disableDrag","draft":false,"unlisted":false,"tags":[],"version":"current","sidebarPosition":6,"frontMatter":{},"sidebar":"guideSidebar","previous":{"title":"column","permalink":"/docs/가이드/대시보드/속성/column"},"next":{"title":"disableResize","permalink":"/docs/가이드/대시보드/속성/disableResize"}},{"id":"가이드/대시보드/속성/disableResize","title":"disableResize","description":"타입","source":"@site/docs/2. 가이드/1. 대시보드/1. 속성/7. disableResize.md","sourceDirName":"2. 가이드/1. 대시보드/1. 속성","slug":"/가이드/대시보드/속성/disableResize","permalink":"/docs/가이드/대시보드/속성/disableResize","draft":false,"unlisted":false,"tags":[],"version":"current","sidebarPosition":7,"frontMatter":{},"sidebar":"guideSidebar","previous":{"title":"disableDrag","permalink":"/docs/가이드/대시보드/속성/disableDrag"},"next":{"title":"float","permalink":"/docs/가이드/대시보드/속성/float"}},{"id":"가이드/대시보드/속성/float","title":"float","description":"타입","source":"@site/docs/2. 가이드/1. 대시보드/1. 속성/8. float.md","sourceDirName":"2. 가이드/1. 대시보드/1. 속성","slug":"/가이드/대시보드/속성/float","permalink":"/docs/가이드/대시보드/속성/float","draft":false,"unlisted":false,"tags":[],"version":"current","sidebarPosition":8,"frontMatter":{},"sidebar":"guideSidebar","previous":{"title":"disableResize","permalink":"/docs/가이드/대시보드/속성/disableResize"},"next":{"title":"maxRow","permalink":"/docs/가이드/대시보드/속성/maxRow"}},{"id":"가이드/대시보드/속성/level","title":"level","description":"타입","source":"@site/docs/2. 가이드/1. 대시보드/1. 속성/1. level.md","sourceDirName":"2. 가이드/1. 대시보드/1. 속성","slug":"/가이드/대시보드/속성/level","permalink":"/docs/가이드/대시보드/속성/level","draft":false,"unlisted":false,"tags":[],"version":"current","sidebarPosition":1,"frontMatter":{},"sidebar":"guideSidebar","previous":{"title":"위젯 생성","permalink":"/docs/시작하기/구성/위젯 생성"},"next":{"title":"margin","permalink":"/docs/가이드/대시보드/속성/margin"}},{"id":"가이드/대시보드/속성/margin","title":"margin","description":"타입","source":"@site/docs/2. 가이드/1. 대시보드/1. 속성/2. margin.md","sourceDirName":"2. 가이드/1. 대시보드/1. 속성","slug":"/가이드/대시보드/속성/margin","permalink":"/docs/가이드/대시보드/속성/margin","draft":false,"unlisted":false,"tags":[],"version":"current","sidebarPosition":2,"frontMatter":{},"sidebar":"guideSidebar","previous":{"title":"level","permalink":"/docs/가이드/대시보드/속성/level"},"next":{"title":"cellHeight","permalink":"/docs/가이드/대시보드/속성/cellHeight"}},{"id":"가이드/대시보드/속성/maxRow","title":"maxRow","description":"타입","source":"@site/docs/2. 가이드/1. 대시보드/1. 속성/9. maxRow.md","sourceDirName":"2. 가이드/1. 대시보드/1. 속성","slug":"/가이드/대시보드/속성/maxRow","permalink":"/docs/가이드/대시보드/속성/maxRow","draft":false,"unlisted":false,"tags":[],"version":"current","sidebarPosition":9,"frontMatter":{},"sidebar":"guideSidebar","previous":{"title":"float","permalink":"/docs/가이드/대시보드/속성/float"},"next":{"title":"minRow","permalink":"/docs/가이드/대시보드/속성/minRow"}},{"id":"가이드/대시보드/속성/minRow","title":"minRow","description":"타입","source":"@site/docs/2. 가이드/1. 대시보드/1. 속성/10. minRow.md","sourceDirName":"2. 가이드/1. 대시보드/1. 속성","slug":"/가이드/대시보드/속성/minRow","permalink":"/docs/가이드/대시보드/속성/minRow","draft":false,"unlisted":false,"tags":[],"version":"current","sidebarPosition":10,"frontMatter":{},"sidebar":"guideSidebar","previous":{"title":"maxRow","permalink":"/docs/가이드/대시보드/속성/maxRow"},"next":{"title":"create","permalink":"/docs/가이드/대시보드/Static API/create"}},{"id":"가이드/대시보드/API/addWidget","title":"addWidget","description":"파라미터","source":"@site/docs/2. 가이드/1. 대시보드/3. API/5. addWidget.md","sourceDirName":"2. 가이드/1. 대시보드/3. API","slug":"/가이드/대시보드/API/addWidget","permalink":"/docs/가이드/대시보드/API/addWidget","draft":false,"unlisted":false,"tags":[],"version":"current","sidebarPosition":5,"frontMatter":{},"sidebar":"guideSidebar","previous":{"title":"serialize","permalink":"/docs/가이드/대시보드/API/serialize"},"next":{"title":"getWidget","permalink":"/docs/가이드/대시보드/API/getWidget"}},{"id":"가이드/대시보드/API/getWidget","title":"getWidget","description":"파라미터","source":"@site/docs/2. 가이드/1. 대시보드/3. API/6. getWidget.md","sourceDirName":"2. 가이드/1. 대시보드/3. API","slug":"/가이드/대시보드/API/getWidget","permalink":"/docs/가이드/대시보드/API/getWidget","draft":false,"unlisted":false,"tags":[],"version":"current","sidebarPosition":6,"frontMatter":{},"sidebar":"guideSidebar","previous":{"title":"addWidget","permalink":"/docs/가이드/대시보드/API/addWidget"},"next":{"title":"selectWidget","permalink":"/docs/가이드/대시보드/API/selectWidget"}},{"id":"가이드/대시보드/API/removeWidget","title":"removeWidget","description":"파라미터","source":"@site/docs/2. 가이드/1. 대시보드/3. API/9. removeWidget.md","sourceDirName":"2. 가이드/1. 대시보드/3. API","slug":"/가이드/대시보드/API/removeWidget","permalink":"/docs/가이드/대시보드/API/removeWidget","draft":false,"unlisted":false,"tags":[],"version":"current","sidebarPosition":9,"frontMatter":{},"sidebar":"guideSidebar","previous":{"title":"updateWidget","permalink":"/docs/가이드/대시보드/API/updateWidget"},"next":{"title":"DataSet 가이드","permalink":"/docs/가이드/시트/DataSet 가이드"}},{"id":"가이드/대시보드/API/selectWidget","title":"selectWidget","description":"파라미터","source":"@site/docs/2. 가이드/1. 대시보드/3. API/7. selectWidget.md","sourceDirName":"2. 가이드/1. 대시보드/3. API","slug":"/가이드/대시보드/API/selectWidget","permalink":"/docs/가이드/대시보드/API/selectWidget","draft":false,"unlisted":false,"tags":[],"version":"current","sidebarPosition":7,"frontMatter":{},"sidebar":"guideSidebar","previous":{"title":"getWidget","permalink":"/docs/가이드/대시보드/API/getWidget"},"next":{"title":"updateWidget","permalink":"/docs/가이드/대시보드/API/updateWidget"}},{"id":"가이드/대시보드/API/serialize","title":"serialize","description":"파라미터","source":"@site/docs/2. 가이드/1. 대시보드/3. API/3. serialize.md","sourceDirName":"2. 가이드/1. 대시보드/3. API","slug":"/가이드/대시보드/API/serialize","permalink":"/docs/가이드/대시보드/API/serialize","draft":false,"unlisted":false,"tags":[],"version":"current","sidebarPosition":3,"frontMatter":{},"sidebar":"guideSidebar","previous":{"title":"deserialize","permalink":"/docs/가이드/대시보드/Static API/deserialize"},"next":{"title":"addWidget","permalink":"/docs/가이드/대시보드/API/addWidget"}},{"id":"가이드/대시보드/API/updateWidget","title":"updateWidget","description":"파라미터","source":"@site/docs/2. 가이드/1. 대시보드/3. API/8. updateWidget.md","sourceDirName":"2. 가이드/1. 대시보드/3. API","slug":"/가이드/대시보드/API/updateWidget","permalink":"/docs/가이드/대시보드/API/updateWidget","draft":false,"unlisted":false,"tags":[],"version":"current","sidebarPosition":8,"frontMatter":{},"sidebar":"guideSidebar","previous":{"title":"selectWidget","permalink":"/docs/가이드/대시보드/API/selectWidget"},"next":{"title":"removeWidget","permalink":"/docs/가이드/대시보드/API/removeWidget"}},{"id":"가이드/대시보드/Static API/create","title":"create","description":"타입","source":"@site/docs/2. 가이드/1. 대시보드/2. Static API/1. create.md","sourceDirName":"2. 가이드/1. 대시보드/2. Static API","slug":"/가이드/대시보드/Static API/create","permalink":"/docs/가이드/대시보드/Static API/create","draft":false,"unlisted":false,"tags":[],"version":"current","sidebarPosition":1,"frontMatter":{},"sidebar":"guideSidebar","previous":{"title":"minRow","permalink":"/docs/가이드/대시보드/속성/minRow"},"next":{"title":"destroy","permalink":"/docs/가이드/대시보드/Static API/destroy"}},{"id":"가이드/대시보드/Static API/deserialize","title":"deserialize","description":"타입","source":"@site/docs/2. 가이드/1. 대시보드/2. Static API/4. deserialize.md","sourceDirName":"2. 가이드/1. 대시보드/2. Static API","slug":"/가이드/대시보드/Static API/deserialize","permalink":"/docs/가이드/대시보드/Static API/deserialize","draft":false,"unlisted":false,"tags":[],"version":"current","sidebarPosition":4,"frontMatter":{},"sidebar":"guideSidebar","previous":{"title":"get","permalink":"/docs/가이드/대시보드/Static API/get"},"next":{"title":"serialize","permalink":"/docs/가이드/대시보드/API/serialize"}},{"id":"가이드/대시보드/Static API/destroy","title":"destroy","description":"타입","source":"@site/docs/2. 가이드/1. 대시보드/2. Static API/2. destroy.md","sourceDirName":"2. 가이드/1. 대시보드/2. Static API","slug":"/가이드/대시보드/Static API/destroy","permalink":"/docs/가이드/대시보드/Static API/destroy","draft":false,"unlisted":false,"tags":[],"version":"current","sidebarPosition":2,"frontMatter":{},"sidebar":"guideSidebar","previous":{"title":"create","permalink":"/docs/가이드/대시보드/Static API/create"},"next":{"title":"get","permalink":"/docs/가이드/대시보드/Static API/get"}},{"id":"가이드/대시보드/Static API/get","title":"get","description":"타입","source":"@site/docs/2. 가이드/1. 대시보드/2. Static API/3. get.md","sourceDirName":"2. 가이드/1. 대시보드/2. Static API","slug":"/가이드/대시보드/Static API/get","permalink":"/docs/가이드/대시보드/Static API/get","draft":false,"unlisted":false,"tags":[],"version":"current","sidebarPosition":3,"frontMatter":{},"sidebar":"guideSidebar","previous":{"title":"destroy","permalink":"/docs/가이드/대시보드/Static API/destroy"},"next":{"title":"deserialize","permalink":"/docs/가이드/대시보드/Static API/deserialize"}},{"id":"가이드/맵/속성/map","title":"subTitle","description":"타입","source":"@site/docs/2. 가이드/4. 맵/2. 속성/5. map.md","sourceDirName":"2. 가이드/4. 맵/2. 속성","slug":"/가이드/맵/속성/map","permalink":"/docs/가이드/맵/속성/map","draft":false,"unlisted":false,"tags":[],"version":"current","sidebarPosition":5,"frontMatter":{},"sidebar":"guideSidebar","previous":{"title":"subTitle","permalink":"/docs/가이드/맵/속성/subtitle"},"next":{"title":"KPI의 데이터셋 구조","permalink":"/docs/가이드/KPI/DataSet 가이드"}},{"id":"가이드/맵/속성/point","title":"point","description":"타입","source":"@site/docs/2. 가이드/4. 맵/2. 속성/2. point.md","sourceDirName":"2. 가이드/4. 맵/2. 속성","slug":"/가이드/맵/속성/point","permalink":"/docs/가이드/맵/속성/point","draft":false,"unlisted":false,"tags":[],"version":"current","sidebarPosition":2,"frontMatter":{},"sidebar":"guideSidebar","previous":{"title":"Theme","permalink":"/docs/가이드/맵/속성/theme"},"next":{"title":"Title","permalink":"/docs/가이드/맵/속성/title"}},{"id":"가이드/맵/속성/subtitle","title":"subTitle","description":"타입","source":"@site/docs/2. 가이드/4. 맵/2. 속성/4. subtitle.md","sourceDirName":"2. 가이드/4. 맵/2. 속성","slug":"/가이드/맵/속성/subtitle","permalink":"/docs/가이드/맵/속성/subtitle","draft":false,"unlisted":false,"tags":[],"version":"current","sidebarPosition":4,"frontMatter":{},"sidebar":"guideSidebar","previous":{"title":"Title","permalink":"/docs/가이드/맵/속성/title"},"next":{"title":"subTitle","permalink":"/docs/가이드/맵/속성/map"}},{"id":"가이드/맵/속성/theme","title":"Theme","description":"타입","source":"@site/docs/2. 가이드/4. 맵/2. 속성/1. theme.md","sourceDirName":"2. 가이드/4. 맵/2. 속성","slug":"/가이드/맵/속성/theme","permalink":"/docs/가이드/맵/속성/theme","draft":false,"unlisted":false,"tags":[],"version":"current","sidebarPosition":1,"frontMatter":{},"sidebar":"guideSidebar","previous":{"title":"맵의 데이터셋 구조","permalink":"/docs/가이드/맵/DataSet 가이드"},"next":{"title":"point","permalink":"/docs/가이드/맵/속성/point"}},{"id":"가이드/맵/속성/title","title":"Title","description":"타입","source":"@site/docs/2. 가이드/4. 맵/2. 속성/3. title.md","sourceDirName":"2. 가이드/4. 맵/2. 속성","slug":"/가이드/맵/속성/title","permalink":"/docs/가이드/맵/속성/title","draft":false,"unlisted":false,"tags":[],"version":"current","sidebarPosition":3,"frontMatter":{},"sidebar":"guideSidebar","previous":{"title":"point","permalink":"/docs/가이드/맵/속성/point"},"next":{"title":"subTitle","permalink":"/docs/가이드/맵/속성/subtitle"}},{"id":"가이드/맵/DataSet 가이드","title":"맵의 데이터셋 구조","description":"맵의 데이터셋 구조는 Position(위치), Latitude(위도), Longitude(경도), Series, Data Items로 구성되어 있습니다.","source":"@site/docs/2. 가이드/4. 맵/1. DataSet 가이드.md","sourceDirName":"2. 가이드/4. 맵","slug":"/가이드/맵/DataSet 가이드","permalink":"/docs/가이드/맵/DataSet 가이드","draft":false,"unlisted":false,"tags":[],"version":"current","sidebarPosition":1,"frontMatter":{},"sidebar":"guideSidebar","previous":{"title":"yAxis","permalink":"/docs/가이드/차트/속성/yAxis"},"next":{"title":"Theme","permalink":"/docs/가이드/맵/속성/theme"}},{"id":"가이드/시트/속성/CanSort","title":"CanSort","description":"타입","source":"@site/docs/2. 가이드/2. 시트/2. 속성/4. CanSort.md","sourceDirName":"2. 가이드/2. 시트/2. 속성","slug":"/가이드/시트/속성/CanSort","permalink":"/docs/가이드/시트/속성/CanSort","draft":false,"unlisted":false,"tags":[],"version":"current","sidebarPosition":4,"frontMatter":{},"sidebar":"guideSidebar","previous":{"title":"CustomScroll","permalink":"/docs/가이드/시트/속성/CustomScroll"},"next":{"title":"Filter Row","permalink":"/docs/가이드/시트/속성/Filter Row"}},{"id":"가이드/시트/속성/CustomScroll","title":"CustomScroll","description":"타입","source":"@site/docs/2. 가이드/2. 시트/2. 속성/3. CustomScroll.md","sourceDirName":"2. 가이드/2. 시트/2. 속성","slug":"/가이드/시트/속성/CustomScroll","permalink":"/docs/가이드/시트/속성/CustomScroll","draft":false,"unlisted":false,"tags":[],"version":"current","sidebarPosition":3,"frontMatter":{},"sidebar":"guideSidebar","previous":{"title":"Row minHeight","permalink":"/docs/가이드/시트/속성/RowMinHeight"},"next":{"title":"CanSort","permalink":"/docs/가이드/시트/속성/CanSort"}},{"id":"가이드/시트/속성/Data Merge","title":"Row minHeight","description":"타입","source":"@site/docs/2. 가이드/2. 시트/2. 속성/7. Data Merge.md","sourceDirName":"2. 가이드/2. 시트/2. 속성","slug":"/가이드/시트/속성/Data Merge","permalink":"/docs/가이드/시트/속성/Data Merge","draft":false,"unlisted":false,"tags":[],"version":"current","sidebarPosition":7,"frontMatter":{},"sidebar":"guideSidebar","previous":{"title":"Filter Dialog","permalink":"/docs/가이드/시트/속성/Filter Dialog"},"next":{"title":"DataSet 가이드","permalink":"/docs/가이드/차트/DataSet 가이드"}},{"id":"가이드/시트/속성/Filter Dialog","title":"Filter Dialog","description":"타입","source":"@site/docs/2. 가이드/2. 시트/2. 속성/6. Filter Dialog.md","sourceDirName":"2. 가이드/2. 시트/2. 속성","slug":"/가이드/시트/속성/Filter Dialog","permalink":"/docs/가이드/시트/속성/Filter Dialog","draft":false,"unlisted":false,"tags":[],"version":"current","sidebarPosition":6,"frontMatter":{},"sidebar":"guideSidebar","previous":{"title":"Filter Row","permalink":"/docs/가이드/시트/속성/Filter Row"},"next":{"title":"Row minHeight","permalink":"/docs/가이드/시트/속성/Data Merge"}},{"id":"가이드/시트/속성/Filter Row","title":"Filter Row","description":"타입","source":"@site/docs/2. 가이드/2. 시트/2. 속성/5. Filter Row.md","sourceDirName":"2. 가이드/2. 시트/2. 속성","slug":"/가이드/시트/속성/Filter Row","permalink":"/docs/가이드/시트/속성/Filter Row","draft":false,"unlisted":false,"tags":[],"version":"current","sidebarPosition":5,"frontMatter":{},"sidebar":"guideSidebar","previous":{"title":"CanSort","permalink":"/docs/가이드/시트/속성/CanSort"},"next":{"title":"Filter Dialog","permalink":"/docs/가이드/시트/속성/Filter Dialog"}},{"id":"가이드/시트/속성/RowMinHeight","title":"Row minHeight","description":"타입","source":"@site/docs/2. 가이드/2. 시트/2. 속성/2. RowMinHeight.md","sourceDirName":"2. 가이드/2. 시트/2. 속성","slug":"/가이드/시트/속성/RowMinHeight","permalink":"/docs/가이드/시트/속성/RowMinHeight","draft":false,"unlisted":false,"tags":[],"version":"current","sidebarPosition":2,"frontMatter":{},"sidebar":"guideSidebar","previous":{"title":"Theme","permalink":"/docs/가이드/시트/속성/Theme"},"next":{"title":"CustomScroll","permalink":"/docs/가이드/시트/속성/CustomScroll"}},{"id":"가이드/시트/속성/Theme","title":"Theme","description":"타입","source":"@site/docs/2. 가이드/2. 시트/2. 속성/1. Theme.md","sourceDirName":"2. 가이드/2. 시트/2. 속성","slug":"/가이드/시트/속성/Theme","permalink":"/docs/가이드/시트/속성/Theme","draft":false,"unlisted":false,"tags":[],"version":"current","sidebarPosition":1,"frontMatter":{},"sidebar":"guideSidebar","previous":{"title":"DataSet 가이드","permalink":"/docs/가이드/시트/DataSet 가이드"},"next":{"title":"Row minHeight","permalink":"/docs/가이드/시트/속성/RowMinHeight"}},{"id":"가이드/시트/DataSet 가이드","title":"DataSet 가이드","description":"시트의 데이터셋 구조","source":"@site/docs/2. 가이드/2. 시트/1. DataSet 가이드.md","sourceDirName":"2. 가이드/2. 시트","slug":"/가이드/시트/DataSet 가이드","permalink":"/docs/가이드/시트/DataSet 가이드","draft":false,"unlisted":false,"tags":[],"version":"current","sidebarPosition":1,"frontMatter":{},"sidebar":"guideSidebar","previous":{"title":"removeWidget","permalink":"/docs/가이드/대시보드/API/removeWidget"},"next":{"title":"Theme","permalink":"/docs/가이드/시트/속성/Theme"}},{"id":"가이드/이미지/URL 가이드","title":"URL 가이드","description":"이미지 URL 세팅","source":"@site/docs/2. 가이드/6. 이미지/1. URL 가이드.md","sourceDirName":"2. 가이드/6. 이미지","slug":"/가이드/이미지/URL 가이드","permalink":"/docs/가이드/이미지/URL 가이드","draft":false,"unlisted":false,"tags":[],"version":"current","sidebarPosition":1,"frontMatter":{},"sidebar":"guideSidebar","previous":{"title":"subTitle","permalink":"/docs/가이드/KPI/속성/subtitle"}},{"id":"가이드/차트/속성/legend","title":"Legend","description":"타입","source":"@site/docs/2. 가이드/3. 차트/2. 속성/4. legend.md","sourceDirName":"2. 가이드/3. 차트/2. 속성","slug":"/가이드/차트/속성/legend","permalink":"/docs/가이드/차트/속성/legend","draft":false,"unlisted":false,"tags":[],"version":"current","sidebarPosition":4,"frontMatter":{},"sidebar":"guideSidebar","previous":{"title":"subTitle","permalink":"/docs/가이드/차트/속성/subtitle"},"next":{"title":"plotOption Pie","permalink":"/docs/가이드/차트/속성/plotOption Pie"}},{"id":"가이드/차트/속성/plotOption bar","title":"plotOption Bar","description":"타입","source":"@site/docs/2. 가이드/3. 차트/2. 속성/6. plotOption bar.md","sourceDirName":"2. 가이드/3. 차트/2. 속성","slug":"/가이드/차트/속성/plotOption bar","permalink":"/docs/가이드/차트/속성/plotOption bar","draft":false,"unlisted":false,"tags":[],"version":"current","sidebarPosition":6,"frontMatter":{},"sidebar":"guideSidebar","previous":{"title":"plotOption Line","permalink":"/docs/가이드/차트/속성/plotOption Line"},"next":{"title":"xAxis","permalink":"/docs/가이드/차트/속성/xAxis"}},{"id":"가이드/차트/속성/plotOption Line","title":"plotOption Line","description":"타입","source":"@site/docs/2. 가이드/3. 차트/2. 속성/6. plotOption Line.md","sourceDirName":"2. 가이드/3. 차트/2. 속성","slug":"/가이드/차트/속성/plotOption Line","permalink":"/docs/가이드/차트/속성/plotOption Line","draft":false,"unlisted":false,"tags":[],"version":"current","sidebarPosition":6,"frontMatter":{},"sidebar":"guideSidebar","previous":{"title":"plotOption Pie","permalink":"/docs/가이드/차트/속성/plotOption Pie"},"next":{"title":"plotOption Bar","permalink":"/docs/가이드/차트/속성/plotOption bar"}},{"id":"가이드/차트/속성/plotOption Pie","title":"plotOption Pie","description":"타입","source":"@site/docs/2. 가이드/3. 차트/2. 속성/5. plotOption Pie.md","sourceDirName":"2. 가이드/3. 차트/2. 속성","slug":"/가이드/차트/속성/plotOption Pie","permalink":"/docs/가이드/차트/속성/plotOption Pie","draft":false,"unlisted":false,"tags":[],"version":"current","sidebarPosition":5,"frontMatter":{},"sidebar":"guideSidebar","previous":{"title":"Legend","permalink":"/docs/가이드/차트/속성/legend"},"next":{"title":"plotOption Line","permalink":"/docs/가이드/차트/속성/plotOption Line"}},{"id":"가이드/차트/속성/subtitle","title":"subTitle","description":"타입","source":"@site/docs/2. 가이드/3. 차트/2. 속성/3. subtitle.md","sourceDirName":"2. 가이드/3. 차트/2. 속성","slug":"/가이드/차트/속성/subtitle","permalink":"/docs/가이드/차트/속성/subtitle","draft":false,"unlisted":false,"tags":[],"version":"current","sidebarPosition":3,"frontMatter":{},"sidebar":"guideSidebar","previous":{"title":"Title","permalink":"/docs/가이드/차트/속성/title"},"next":{"title":"Legend","permalink":"/docs/가이드/차트/속성/legend"}},{"id":"가이드/차트/속성/theme","title":"Theme","description":"타입","source":"@site/docs/2. 가이드/3. 차트/2. 속성/1. theme.md","sourceDirName":"2. 가이드/3. 차트/2. 속성","slug":"/가이드/차트/속성/theme","permalink":"/docs/가이드/차트/속성/theme","draft":false,"unlisted":false,"tags":[],"version":"current","sidebarPosition":1,"frontMatter":{},"sidebar":"guideSidebar","previous":{"title":"DataSet 가이드","permalink":"/docs/가이드/차트/DataSet 가이드"},"next":{"title":"Title","permalink":"/docs/가이드/차트/속성/title"}},{"id":"가이드/차트/속성/title","title":"Title","description":"타입","source":"@site/docs/2. 가이드/3. 차트/2. 속성/2. title.md","sourceDirName":"2. 가이드/3. 차트/2. 속성","slug":"/가이드/차트/속성/title","permalink":"/docs/가이드/차트/속성/title","draft":false,"unlisted":false,"tags":[],"version":"current","sidebarPosition":2,"frontMatter":{},"sidebar":"guideSidebar","previous":{"title":"Theme","permalink":"/docs/가이드/차트/속성/theme"},"next":{"title":"subTitle","permalink":"/docs/가이드/차트/속성/subtitle"}},{"id":"가이드/차트/속성/xAxis","title":"xAxis","description":"타입","source":"@site/docs/2. 가이드/3. 차트/2. 속성/7. xAxis.md","sourceDirName":"2. 가이드/3. 차트/2. 속성","slug":"/가이드/차트/속성/xAxis","permalink":"/docs/가이드/차트/속성/xAxis","draft":false,"unlisted":false,"tags":[],"version":"current","sidebarPosition":7,"frontMatter":{},"sidebar":"guideSidebar","previous":{"title":"plotOption Bar","permalink":"/docs/가이드/차트/속성/plotOption bar"},"next":{"title":"yAxis","permalink":"/docs/가이드/차트/속성/yAxis"}},{"id":"가이드/차트/속성/yAxis","title":"yAxis","description":"타입","source":"@site/docs/2. 가이드/3. 차트/2. 속성/8. yAxis.md","sourceDirName":"2. 가이드/3. 차트/2. 속성","slug":"/가이드/차트/속성/yAxis","permalink":"/docs/가이드/차트/속성/yAxis","draft":false,"unlisted":false,"tags":[],"version":"current","sidebarPosition":8,"frontMatter":{},"sidebar":"guideSidebar","previous":{"title":"xAxis","permalink":"/docs/가이드/차트/속성/xAxis"},"next":{"title":"맵의 데이터셋 구조","permalink":"/docs/가이드/맵/DataSet 가이드"}},{"id":"가이드/차트/DataSet 가이드","title":"DataSet 가이드","description":"차트의 데이터셋 구조","source":"@site/docs/2. 가이드/3. 차트/1. DataSet 가이드.md","sourceDirName":"2. 가이드/3. 차트","slug":"/가이드/차트/DataSet 가이드","permalink":"/docs/가이드/차트/DataSet 가이드","draft":false,"unlisted":false,"tags":[],"version":"current","sidebarPosition":1,"frontMatter":{},"sidebar":"guideSidebar","previous":{"title":"Row minHeight","permalink":"/docs/가이드/시트/속성/Data Merge"},"next":{"title":"Theme","permalink":"/docs/가이드/차트/속성/theme"}},{"id":"가이드/KPI/속성/data","title":"data","description":"타입","source":"@site/docs/2. 가이드/5. KPI/2. 속성/2. data.md","sourceDirName":"2. 가이드/5. KPI/2. 속성","slug":"/가이드/KPI/속성/data","permalink":"/docs/가이드/KPI/속성/data","draft":false,"unlisted":false,"tags":[],"version":"current","sidebarPosition":2,"frontMatter":{},"sidebar":"guideSidebar","previous":{"title":"Title","permalink":"/docs/가이드/KPI/속성/title"},"next":{"title":"subTitle","permalink":"/docs/가이드/KPI/속성/subtitle"}},{"id":"가이드/KPI/속성/subtitle","title":"subTitle","description":"타입","source":"@site/docs/2. 가이드/5. KPI/2. 속성/3. subtitle.md","sourceDirName":"2. 가이드/5. KPI/2. 속성","slug":"/가이드/KPI/속성/subtitle","permalink":"/docs/가이드/KPI/속성/subtitle","draft":false,"unlisted":false,"tags":[],"version":"current","sidebarPosition":3,"frontMatter":{},"sidebar":"guideSidebar","previous":{"title":"data","permalink":"/docs/가이드/KPI/속성/data"},"next":{"title":"URL 가이드","permalink":"/docs/가이드/이미지/URL 가이드"}},{"id":"가이드/KPI/속성/title","title":"Title","description":"타입","source":"@site/docs/2. 가이드/5. KPI/2. 속성/1. title.md","sourceDirName":"2. 가이드/5. KPI/2. 속성","slug":"/가이드/KPI/속성/title","permalink":"/docs/가이드/KPI/속성/title","draft":false,"unlisted":false,"tags":[],"version":"current","sidebarPosition":1,"frontMatter":{},"sidebar":"guideSidebar","previous":{"title":"KPI의 데이터셋 구조","permalink":"/docs/가이드/KPI/DataSet 가이드"},"next":{"title":"data","permalink":"/docs/가이드/KPI/속성/data"}},{"id":"가이드/KPI/DataSet 가이드","title":"KPI의 데이터셋 구조","description":"KPI의 데이터셋 구조는 KPI Column과 Data Items로 구성되어 있습니다.","source":"@site/docs/2. 가이드/5. KPI/1. DataSet 가이드.md","sourceDirName":"2. 가이드/5. KPI","slug":"/가이드/KPI/DataSet 가이드","permalink":"/docs/가이드/KPI/DataSet 가이드","draft":false,"unlisted":false,"tags":[],"version":"current","sidebarPosition":1,"frontMatter":{},"sidebar":"guideSidebar","previous":{"title":"subTitle","permalink":"/docs/가이드/맵/속성/map"},"next":{"title":"Title","permalink":"/docs/가이드/KPI/속성/title"}},{"id":"시작하기/구성/데이터셋 구성","title":"데이터셋 구성","description":"데이터셋 구조","source":"@site/docs/1. 시작하기/4. 구성/2. 데이터셋 구성.md","sourceDirName":"1. 시작하기/4. 구성","slug":"/시작하기/구성/데이터셋 구성","permalink":"/docs/시작하기/구성/데이터셋 구성","draft":false,"unlisted":false,"tags":[],"version":"current","sidebarPosition":2,"frontMatter":{},"sidebar":"guideSidebar","previous":{"title":"사이드바 구성","permalink":"/docs/시작하기/구성/사이드바 구성"},"next":{"title":"위젯 종류","permalink":"/docs/시작하기/구성/위젯 종류"}},{"id":"시작하기/구성/사이드바 구성","title":"사이드바 구성","description":"사이드 바 구성 요소","source":"@site/docs/1. 시작하기/4. 구성/1.  사이드바 구성.md","sourceDirName":"1. 시작하기/4. 구성","slug":"/시작하기/구성/사이드바 구성","permalink":"/docs/시작하기/구성/사이드바 구성","draft":false,"unlisted":false,"tags":[],"version":"current","sidebarPosition":1,"frontMatter":{},"sidebar":"guideSidebar","previous":{"title":"설치","permalink":"/docs/시작하기/설치"},"next":{"title":"데이터셋 구성","permalink":"/docs/시작하기/구성/데이터셋 구성"}},{"id":"시작하기/구성/위젯 생성","title":"위젯 생성","description":"위젯 추가하기","source":"@site/docs/1. 시작하기/4. 구성/4. 위젯 생성.md","sourceDirName":"1. 시작하기/4. 구성","slug":"/시작하기/구성/위젯 생성","permalink":"/docs/시작하기/구성/위젯 생성","draft":false,"unlisted":false,"tags":[],"version":"current","sidebarPosition":4,"frontMatter":{},"sidebar":"guideSidebar","previous":{"title":"위젯 종류","permalink":"/docs/시작하기/구성/위젯 종류"},"next":{"title":"level","permalink":"/docs/가이드/대시보드/속성/level"}},{"id":"시작하기/구성/위젯 종류","title":"위젯 종류","description":"위젯 목록","source":"@site/docs/1. 시작하기/4. 구성/3. 위젯 종류.md","sourceDirName":"1. 시작하기/4. 구성","slug":"/시작하기/구성/위젯 종류","permalink":"/docs/시작하기/구성/위젯 종류","draft":false,"unlisted":false,"tags":[],"version":"current","sidebarPosition":3,"frontMatter":{},"sidebar":"guideSidebar","previous":{"title":"데이터셋 구성","permalink":"/docs/시작하기/구성/데이터셋 구성"},"next":{"title":"위젯 생성","permalink":"/docs/시작하기/구성/위젯 생성"}},{"id":"시작하기/설치","title":"설치","description":"시작하기에 앞서","source":"@site/docs/1. 시작하기/3. 설치.md","sourceDirName":"1. 시작하기","slug":"/시작하기/설치","permalink":"/docs/시작하기/설치","draft":false,"unlisted":false,"tags":[],"version":"current","sidebarPosition":3,"frontMatter":{},"sidebar":"guideSidebar","previous":{"title":"필수파일","permalink":"/docs/시작하기/필수파일"},"next":{"title":"사이드바 구성","permalink":"/docs/시작하기/구성/사이드바 구성"}},{"id":"시작하기/필수파일","title":"필수파일","description":"Guide","source":"@site/docs/1. 시작하기/1. 필수파일.md","sourceDirName":"1. 시작하기","slug":"/시작하기/필수파일","permalink":"/docs/시작하기/필수파일","draft":false,"unlisted":false,"tags":[],"version":"current","sidebarPosition":1,"frontMatter":{},"sidebar":"guideSidebar","previous":{"title":"제품 개요 및 사용 가이드","permalink":"/docs/intro"},"next":{"title":"설치","permalink":"/docs/시작하기/설치"}},{"id":"intro","title":"제품 개요 및 사용 가이드","description":"---","source":"@site/docs/0. intro.md","sourceDirName":".","slug":"/intro","permalink":"/docs/intro","draft":false,"unlisted":false,"tags":[],"version":"current","sidebarPosition":0,"frontMatter":{},"sidebar":"guideSidebar","next":{"title":"필수파일","permalink":"/docs/시작하기/필수파일"}}],"drafts":[],"sidebars":{"guideSidebar":[{"type":"doc","id":"intro"},{"type":"category","label":"시작하기","collapsible":true,"collapsed":true,"items":[{"type":"doc","id":"시작하기/필수파일"},{"type":"doc","id":"시작하기/설치"},{"type":"category","label":"구성","collapsible":true,"collapsed":true,"items":[{"type":"doc","id":"시작하기/구성/사이드바 구성"},{"type":"doc","id":"시작하기/구성/데이터셋 구성"},{"type":"doc","id":"시작하기/구성/위젯 종류"},{"type":"doc","id":"시작하기/구성/위젯 생성"}]}]},{"type":"category","label":"가이드","collapsible":true,"collapsed":true,"items":[{"type":"category","label":"대시보드","collapsible":true,"collapsed":true,"items":[{"type":"category","label":"속성","collapsible":true,"collapsed":true,"items":[{"type":"doc","id":"가이드/대시보드/속성/level"},{"type":"doc","id":"가이드/대시보드/속성/margin"},{"type":"doc","id":"가이드/대시보드/속성/cellHeight"},{"type":"doc","id":"가이드/대시보드/속성/children"},{"type":"doc","id":"가이드/대시보드/속성/column"},{"type":"doc","id":"가이드/대시보드/속성/disableDrag"},{"type":"doc","id":"가이드/대시보드/속성/disableResize"},{"type":"doc","id":"가이드/대시보드/속성/float"},{"type":"doc","id":"가이드/대시보드/속성/maxRow"},{"type":"doc","id":"가이드/대시보드/속성/minRow"}]},{"type":"category","label":"Static API","collapsible":true,"collapsed":true,"items":[{"type":"doc","id":"가이드/대시보드/Static API/create"},{"type":"doc","id":"가이드/대시보드/Static API/destroy"},{"type":"doc","id":"가이드/대시보드/Static API/get"},{"type":"doc","id":"가이드/대시보드/Static API/deserialize"}]},{"type":"category","label":"API","collapsible":true,"collapsed":true,"items":[{"type":"doc","id":"가이드/대시보드/API/serialize"},{"type":"doc","id":"가이드/대시보드/API/addWidget"},{"type":"doc","id":"가이드/대시보드/API/getWidget"},{"type":"doc","id":"가이드/대시보드/API/selectWidget"},{"type":"doc","id":"가이드/대시보드/API/updateWidget"},{"type":"doc","id":"가이드/대시보드/API/removeWidget"}]}]},{"type":"category","label":"시트","collapsible":true,"collapsed":true,"items":[{"type":"doc","id":"가이드/시트/DataSet 가이드"},{"type":"category","label":"속성","collapsible":true,"collapsed":true,"items":[{"type":"doc","id":"가이드/시트/속성/Theme"},{"type":"doc","id":"가이드/시트/속성/RowMinHeight"},{"type":"doc","id":"가이드/시트/속성/CustomScroll"},{"type":"doc","id":"가이드/시트/속성/CanSort"},{"type":"doc","id":"가이드/시트/속성/Filter Row"},{"type":"doc","id":"가이드/시트/속성/Filter Dialog"},{"type":"doc","id":"가이드/시트/속성/Data Merge"}]}]},{"type":"category","label":"차트","collapsible":true,"collapsed":true,"items":[{"type":"doc","id":"가이드/차트/DataSet 가이드"},{"type":"category","label":"속성","collapsible":true,"collapsed":true,"items":[{"type":"doc","id":"가이드/차트/속성/theme"},{"type":"doc","id":"가이드/차트/속성/title"},{"type":"doc","id":"가이드/차트/속성/subtitle"},{"type":"doc","id":"가이드/차트/속성/legend"},{"type":"doc","id":"가이드/차트/속성/plotOption Pie"},{"type":"doc","id":"가이드/차트/속성/plotOption Line"},{"type":"doc","id":"가이드/차트/속성/plotOption bar"},{"type":"doc","id":"가이드/차트/속성/xAxis"},{"type":"doc","id":"가이드/차트/속성/yAxis"}]}]},{"type":"category","label":"맵","collapsible":true,"collapsed":true,"items":[{"type":"doc","id":"가이드/맵/DataSet 가이드"},{"type":"category","label":"속성","collapsible":true,"collapsed":true,"items":[{"type":"doc","id":"가이드/맵/속성/theme"},{"type":"doc","id":"가이드/맵/속성/point"},{"type":"doc","id":"가이드/맵/속성/title"},{"type":"doc","id":"가이드/맵/속성/subtitle"},{"type":"doc","id":"가이드/맵/속성/map"}]}]},{"type":"category","label":"KPI","collapsible":true,"collapsed":true,"items":[{"type":"doc","id":"가이드/KPI/DataSet 가이드"},{"type":"category","label":"속성","collapsible":true,"collapsed":true,"items":[{"type":"doc","id":"가이드/KPI/속성/title"},{"type":"doc","id":"가이드/KPI/속성/data"},{"type":"doc","id":"가이드/KPI/속성/subtitle"}]}]},{"type":"category","label":"이미지","collapsible":true,"collapsed":true,"items":[{"type":"doc","id":"가이드/이미지/URL 가이드"}]}]}]}}]}},"docusaurus-plugin-content-blog":{"default":{"blogSidebarTitle":"Recent posts","blogPosts":[],"blogListPaginated":[],"blogTags":{},"blogTagsListPath":"/blog/tags"}},"docusaurus-plugin-content-pages":{"default":[{"type":"jsx","permalink":"/","source":"@site/src/pages/index.tsx"},{"type":"mdx","permalink":"/markdown-page","source":"@site/src/pages/markdown-page.md","title":"Markdown page example","description":"You don't need React to write simple standalone pages.","frontMatter":{"title":"Markdown page example"},"unlisted":false}]},"docusaurus-plugin-debug":{},"docusaurus-plugin-svgr":{},"docusaurus-theme-classic":{},"docusaurus-bootstrap-plugin":{},"docusaurus-mdx-fallback-plugin":{}}}