{
  "id": "가이드/대시보드/속성/margin",
  "title": "margin",
  "description": "타입",
  "source": "@site/docs/2. 가이드/1. 대시보드/1. 속성/2. margin.md",
  "sourceDirName": "2. 가이드/1. 대시보드/1. 속성",
  "slug": "/가이드/대시보드/속성/margin",
  "permalink": "/docs/가이드/대시보드/속성/margin",
  "draft": false,
  "unlisted": false,
  "tags": [],
  "version": "current",
  "sidebarPosition": 2,
  "frontMatter": {},
  "sidebar": "guideSidebar",
  "previous": {
    "title": "level",
    "permalink": "/docs/가이드/대시보드/속성/level"
  },
  "next": {
    "title": "cellHeight",
    "permalink": "/docs/가이드/대시보드/속성/cellHeight"
  }
}