{
  "id": "가이드/대시보드/속성/level",
  "title": "level",
  "description": "타입",
  "source": "@site/docs/2. 가이드/1. 대시보드/1. 속성/1. level.md",
  "sourceDirName": "2. 가이드/1. 대시보드/1. 속성",
  "slug": "/가이드/대시보드/속성/level",
  "permalink": "/docs/가이드/대시보드/속성/level",
  "draft": false,
  "unlisted": false,
  "tags": [],
  "version": "current",
  "sidebarPosition": 1,
  "frontMatter": {},
  "sidebar": "guideSidebar",
  "previous": {
    "title": "위젯 생성",
    "permalink": "/docs/시작하기/구성/위젯 생성"
  },
  "next": {
    "title": "margin",
    "permalink": "/docs/가이드/대시보드/속성/margin"
  }
}