{
  "id": "가이드/KPI/속성/title",
  "title": "Title",
  "description": "타입",
  "source": "@site/docs/2. 가이드/5. KPI/2. 속성/1. title.md",
  "sourceDirName": "2. 가이드/5. KPI/2. 속성",
  "slug": "/가이드/KPI/속성/title",
  "permalink": "/docs/가이드/KPI/속성/title",
  "draft": false,
  "unlisted": false,
  "tags": [],
  "version": "current",
  "sidebarPosition": 1,
  "frontMatter": {},
  "sidebar": "guideSidebar",
  "previous": {
    "title": "KPI의 데이터셋 구조",
    "permalink": "/docs/가이드/KPI/DataSet 가이드"
  },
  "next": {
    "title": "data",
    "permalink": "/docs/가이드/KPI/속성/data"
  }
}