{
  "id": "가이드/대시보드/속성/level",
  "title": "level",
  "description": "",
  "source": "@site/docs/2. 가이드/1. 대시보드/1. 속성/1.level.md",
  "sourceDirName": "2. 가이드/1. 대시보드/1. 속성",
  "slug": "/가이드/대시보드/속성/level",
  "permalink": "/docs/가이드/대시보드/속성/level",
  "draft": false,
  "unlisted": false,
  "editUrl": "https://github.com/facebook/docusaurus/tree/main/packages/create-docusaurus/templates/shared/docs/2. 가이드/1. 대시보드/1. 속성/1.level.md",
  "tags": [],
  "version": "current",
  "sidebarPosition": 1,
  "frontMatter": {},
  "sidebar": "guideSidebar",
  "previous": {
    "title": "Tutorial Intro",
    "permalink": "/docs/intro"
  }
}