{
  "id": "시작하기/필수파일",
  "title": "필수파일",
  "description": "Guide",
  "source": "@site/docs/1. 시작하기/1. 필수파일.md",
  "sourceDirName": "1. 시작하기",
  "slug": "/시작하기/필수파일",
  "permalink": "/docs/시작하기/필수파일",
  "draft": false,
  "unlisted": false,
  "tags": [],
  "version": "current",
  "sidebarPosition": 1,
  "frontMatter": {},
  "sidebar": "guideSidebar",
  "previous": {
    "title": "제품 개요 및 사용 가이드",
    "permalink": "/docs/intro"
  },
  "next": {
    "title": "설치",
    "permalink": "/docs/시작하기/설치"
  }
}