{
  "id": "intro",
  "title": "Tutorial Intro",
  "description": "Let's discover Docusaurus in less than 5 minutes.",
  "source": "@site/docs/intro.md",
  "sourceDirName": ".",
  "slug": "/intro",
  "permalink": "/docs/intro",
  "draft": false,
  "unlisted": false,
  "editUrl": "https://github.com/facebook/docusaurus/tree/main/packages/create-docusaurus/templates/shared/docs/intro.md",
  "tags": [],
  "version": "current",
  "sidebarPosition": 1,
  "frontMatter": {
    "sidebar_position": 1
  },
  "sidebar": "guideSidebar",
  "previous": {
    "title": "위젯 생성",
    "permalink": "/docs/시작하기/구성/위젯 생성"
  },
  "next": {
    "title": "level",
    "permalink": "/docs/가이드/대시보드/속성/level"
  }
}