{
  "id": "시작하기/구성/위젯 종류",
  "title": "위젯 종류",
  "description": "위젯 목록",
  "source": "@site/docs/1. 시작하기/4. 구성/3. 위젯 종류.md",
  "sourceDirName": "1. 시작하기/4. 구성",
  "slug": "/시작하기/구성/위젯 종류",
  "permalink": "/docs/시작하기/구성/위젯 종류",
  "draft": false,
  "unlisted": false,
  "tags": [],
  "version": "current",
  "sidebarPosition": 3,
  "frontMatter": {},
  "sidebar": "guideSidebar",
  "previous": {
    "title": "데이터셋 구성",
    "permalink": "/docs/시작하기/구성/데이터셋 구성"
  },
  "next": {
    "title": "위젯 생성",
    "permalink": "/docs/시작하기/구성/위젯 생성"
  }
}