{
  "id": "가이드/맵/속성/point",
  "title": "point",
  "description": "타입",
  "source": "@site/docs/2. 가이드/4. 맵/2. 속성/2. point.md",
  "sourceDirName": "2. 가이드/4. 맵/2. 속성",
  "slug": "/가이드/맵/속성/point",
  "permalink": "/docs/가이드/맵/속성/point",
  "draft": false,
  "unlisted": false,
  "tags": [],
  "version": "current",
  "sidebarPosition": 2,
  "frontMatter": {},
  "sidebar": "guideSidebar",
  "previous": {
    "title": "Theme",
    "permalink": "/docs/가이드/맵/속성/theme"
  },
  "next": {
    "title": "Title",
    "permalink": "/docs/가이드/맵/속성/title"
  }
}