{
  "id": "가이드/대시보드/속성/children",
  "title": "children",
  "description": "타입",
  "source": "@site/docs/2. 가이드/1. 대시보드/1. 속성/4. children.md",
  "sourceDirName": "2. 가이드/1. 대시보드/1. 속성",
  "slug": "/가이드/대시보드/속성/children",
  "permalink": "/docs/가이드/대시보드/속성/children",
  "draft": false,
  "unlisted": false,
  "tags": [],
  "version": "current",
  "sidebarPosition": 4,
  "frontMatter": {},
  "sidebar": "guideSidebar",
  "previous": {
    "title": "cellHeight",
    "permalink": "/docs/가이드/대시보드/속성/cellHeight"
  },
  "next": {
    "title": "column",
    "permalink": "/docs/가이드/대시보드/속성/column"
  }
}