{
  "id": "가이드/시트/속성/CustomScroll",
  "title": "CustomScroll",
  "description": "타입",
  "source": "@site/docs/2. 가이드/2. 시트/2. 속성/3. CustomScroll.md",
  "sourceDirName": "2. 가이드/2. 시트/2. 속성",
  "slug": "/가이드/시트/속성/CustomScroll",
  "permalink": "/docs/가이드/시트/속성/CustomScroll",
  "draft": false,
  "unlisted": false,
  "tags": [],
  "version": "current",
  "sidebarPosition": 3,
  "frontMatter": {},
  "sidebar": "guideSidebar",
  "previous": {
    "title": "Row minHeight",
    "permalink": "/docs/가이드/시트/속성/RowMinHeight"
  },
  "next": {
    "title": "CanSort",
    "permalink": "/docs/가이드/시트/속성/CanSort"
  }
}