{
  "id": "시작하기/구성/사이드바 구성",
  "title": "사이드바 구성",
  "description": "사이드 바 구성 요소",
  "source": "@site/docs/1. 시작하기/4. 구성/1.  사이드바 구성.md",
  "sourceDirName": "1. 시작하기/4. 구성",
  "slug": "/시작하기/구성/사이드바 구성",
  "permalink": "/docs/시작하기/구성/사이드바 구성",
  "draft": false,
  "unlisted": false,
  "tags": [],
  "version": "current",
  "sidebarPosition": 1,
  "frontMatter": {},
  "sidebar": "guideSidebar",
  "previous": {
    "title": "설치",
    "permalink": "/docs/시작하기/설치"
  },
  "next": {
    "title": "데이터셋 구성",
    "permalink": "/docs/시작하기/구성/데이터셋 구성"
  }
}