{
  "id": "가이드/대시보드/API/removeWidget",
  "title": "removeWidget",
  "description": "파라미터",
  "source": "@site/docs/2. 가이드/1. 대시보드/2. API/9. removeWidget.md",
  "sourceDirName": "2. 가이드/1. 대시보드/2. API",
  "slug": "/가이드/대시보드/API/removeWidget",
  "permalink": "/docs/가이드/대시보드/API/removeWidget",
  "draft": false,
  "unlisted": false,
  "tags": [],
  "version": "current",
  "sidebarPosition": 9,
  "frontMatter": {},
  "sidebar": "guideSidebar",
  "previous": {
    "title": "updateWidget",
    "permalink": "/docs/가이드/대시보드/API/updateWidget"
  },
  "next": {
    "title": "DataSet 가이드",
    "permalink": "/docs/가이드/시트/DataSet 가이드"
  }
}