{
  "id": "가이드/시트/속성/CanSort - 복사본 (2)",
  "title": "Row minHeight",
  "description": "타입",
  "source": "@site/docs/2. 가이드/2. 시트/2. 속성/4. CanSort - 복사본 (2).md",
  "sourceDirName": "2. 가이드/2. 시트/2. 속성",
  "slug": "/가이드/시트/속성/CanSort - 복사본 (2)",
  "permalink": "/docs/가이드/시트/속성/CanSort - 복사본 (2)",
  "draft": false,
  "unlisted": false,
  "tags": [],
  "version": "current",
  "sidebarPosition": 4,
  "frontMatter": {},
  "sidebar": "guideSidebar",
  "previous": {
    "title": "Row minHeight",
    "permalink": "/docs/가이드/시트/속성/CustomScroll"
  },
  "next": {
    "title": "Row minHeight",
    "permalink": "/docs/가이드/시트/속성/CanSort"
  }
}