{
  "id": "가이드/시트/속성/RowMinHeight - 복사본 (3)",
  "title": "Row minHeight",
  "description": "타입",
  "source": "@site/docs/2. 가이드/2. 시트/2. 속성/2. RowMinHeight - 복사본 (3).md",
  "sourceDirName": "2. 가이드/2. 시트/2. 속성",
  "slug": "/가이드/시트/속성/RowMinHeight - 복사본 (3)",
  "permalink": "/docs/가이드/시트/속성/RowMinHeight - 복사본 (3)",
  "draft": false,
  "unlisted": false,
  "tags": [],
  "version": "current",
  "sidebarPosition": 2,
  "frontMatter": {},
  "sidebar": "guideSidebar",
  "previous": {
    "title": "Theme",
    "permalink": "/docs/가이드/시트/속성/Theme"
  },
  "next": {
    "title": "Row minHeight",
    "permalink": "/docs/가이드/시트/속성/RowMinHeight"
  }
}