{
  "id": "가이드/KPI/DataSet 가이드",
  "title": "KPI의 데이터셋 구조",
  "description": "KPI의 데이터셋 구조는 KPI Column과 Data Items로 구성되어 있습니다.",
  "source": "@site/docs/2. 가이드/5. KPI/1. DataSet 가이드.md",
  "sourceDirName": "2. 가이드/5. KPI",
  "slug": "/가이드/KPI/DataSet 가이드",
  "permalink": "/docs/가이드/KPI/DataSet 가이드",
  "draft": false,
  "unlisted": false,
  "tags": [],
  "version": "current",
  "sidebarPosition": 1,
  "frontMatter": {},
  "sidebar": "guideSidebar",
  "previous": {
    "title": "subTitle",
    "permalink": "/docs/가이드/맵/속성/map"
  },
  "next": {
    "title": "Title",
    "permalink": "/docs/가이드/KPI/속성/title"
  }
}