{
  "id": "가이드/맵/DataSet 가이드",
  "title": "맵의 데이터셋 구조",
  "description": "맵의 데이터셋 구조는 Position(위치), Latitude(위도), Longitude(경도), Series, Data Items로 구성되어 있습니다.",
  "source": "@site/docs/2. 가이드/4. 맵/1. DataSet 가이드.md",
  "sourceDirName": "2. 가이드/4. 맵",
  "slug": "/가이드/맵/DataSet 가이드",
  "permalink": "/docs/가이드/맵/DataSet 가이드",
  "draft": false,
  "unlisted": false,
  "tags": [],
  "version": "current",
  "sidebarPosition": 1,
  "frontMatter": {},
  "sidebar": "guideSidebar",
  "previous": {
    "title": "yAxis",
    "permalink": "/docs/가이드/차트/속성/yAxis"
  },
  "next": {
    "title": "Theme",
    "permalink": "/docs/가이드/맵/속성/theme"
  }
}