{
  "id": "가이드/KPI/속성/index",
  "title": "index",
  "description": "",
  "source": "@site/docs/2. 가이드/5. KPI/2. 속성/1. index.md",
  "sourceDirName": "2. 가이드/5. KPI/2. 속성",
  "slug": "/가이드/KPI/속성/index",
  "permalink": "/docs/가이드/KPI/속성/index",
  "draft": false,
  "unlisted": false,
  "tags": [],
  "version": "current",
  "sidebarPosition": 1,
  "frontMatter": {},
  "sidebar": "guideSidebar",
  "previous": {
    "title": "index - 복사본",
    "permalink": "/docs/가이드/KPI/속성/index - 복사본"
  },
  "next": {
    "title": "URL 가이드",
    "permalink": "/docs/가이드/이미지/URL 가이드"
  }
}