{
  "id": "가이드/KPI/속성/subtitle",
  "title": "subTitle",
  "description": "타입",
  "source": "@site/docs/2. 가이드/5. KPI/2. 속성/3. subtitle.md",
  "sourceDirName": "2. 가이드/5. KPI/2. 속성",
  "slug": "/가이드/KPI/속성/subtitle",
  "permalink": "/docs/가이드/KPI/속성/subtitle",
  "draft": false,
  "unlisted": false,
  "tags": [],
  "version": "current",
  "sidebarPosition": 3,
  "frontMatter": {},
  "sidebar": "guideSidebar",
  "previous": {
    "title": "data",
    "permalink": "/docs/가이드/KPI/속성/data"
  },
  "next": {
    "title": "URL 가이드",
    "permalink": "/docs/가이드/이미지/URL 가이드"
  }
}