{
  "id": "가이드/KPI/속성/data",
  "title": "data",
  "description": "타입",
  "source": "@site/docs/2. 가이드/5. KPI/2. 속성/2. data.md",
  "sourceDirName": "2. 가이드/5. KPI/2. 속성",
  "slug": "/가이드/KPI/속성/data",
  "permalink": "/docs/가이드/KPI/속성/data",
  "draft": false,
  "unlisted": false,
  "tags": [],
  "version": "current",
  "sidebarPosition": 2,
  "frontMatter": {},
  "sidebar": "guideSidebar",
  "previous": {
    "title": "Title",
    "permalink": "/docs/가이드/KPI/속성/title"
  },
  "next": {
    "title": "subTitle",
    "permalink": "/docs/가이드/KPI/속성/subtitle"
  }
}