{
  "id": "가이드/차트/DataSet 가이드",
  "title": "DataSet 가이드",
  "description": "차트의 데이터셋 구조",
  "source": "@site/docs/2. 가이드/3. 차트/1. DataSet 가이드.md",
  "sourceDirName": "2. 가이드/3. 차트",
  "slug": "/가이드/차트/DataSet 가이드",
  "permalink": "/docs/가이드/차트/DataSet 가이드",
  "draft": false,
  "unlisted": false,
  "tags": [],
  "version": "current",
  "sidebarPosition": 1,
  "frontMatter": {},
  "sidebar": "guideSidebar",
  "previous": {
    "title": "Row minHeight",
    "permalink": "/docs/가이드/시트/속성/Data Merge"
  },
  "next": {
    "title": "Theme",
    "permalink": "/docs/가이드/차트/속성/theme"
  }
}