{
  "id": "가이드/대시보드/API/deserialize",
  "title": "deserialize",
  "description": "파라미터",
  "source": "@site/docs/2. 가이드/1. 대시보드/2. API/4. deserialize.md",
  "sourceDirName": "2. 가이드/1. 대시보드/2. API",
  "slug": "/가이드/대시보드/API/deserialize",
  "permalink": "/docs/가이드/대시보드/API/deserialize",
  "draft": false,
  "unlisted": false,
  "tags": [],
  "version": "current",
  "sidebarPosition": 4,
  "frontMatter": {},
  "sidebar": "guideSidebar",
  "previous": {
    "title": "serialize",
    "permalink": "/docs/가이드/대시보드/API/serialize"
  },
  "next": {
    "title": "addWidget",
    "permalink": "/docs/가이드/대시보드/API/addWidget"
  }
}