{
  "id": "가이드/차트/속성/theme - 복사본 (2)",
  "title": "theme - 복사본 (2)",
  "description": "",
  "source": "@site/docs/2. 가이드/3. 차트/2. 속성/1. theme - 복사본 (2).md",
  "sourceDirName": "2. 가이드/3. 차트/2. 속성",
  "slug": "/가이드/차트/속성/theme - 복사본 (2)",
  "permalink": "/docs/가이드/차트/속성/theme - 복사본 (2)",
  "draft": false,
  "unlisted": false,
  "tags": [],
  "version": "current",
  "sidebarPosition": 1,
  "frontMatter": {},
  "sidebar": "guideSidebar",
  "previous": {
    "title": "DataSet 가이드",
    "permalink": "/docs/가이드/차트/DataSet 가이드"
  },
  "next": {
    "title": "theme - 복사본 (3)",
    "permalink": "/docs/가이드/차트/속성/theme - 복사본 (3)"
  }
}