{
  "id": "가이드/대시보드/API/(static) create",
  "title": "(static) create",
  "description": "파라미터",
  "source": "@site/docs/2. 가이드/1. 대시보드/2. API/1. (static) create.md",
  "sourceDirName": "2. 가이드/1. 대시보드/2. API",
  "slug": "/가이드/대시보드/API/(static) create",
  "permalink": "/docs/가이드/대시보드/API/(static) create",
  "draft": false,
  "unlisted": false,
  "tags": [],
  "version": "current",
  "sidebarPosition": 1,
  "frontMatter": {},
  "sidebar": "guideSidebar",
  "previous": {
    "title": "minRow",
    "permalink": "/docs/가이드/대시보드/속성/minRow"
  },
  "next": {
    "title": "destroy",
    "permalink": "/docs/가이드/대시보드/API/destroy"
  }
}