{
  "id": "가이드/차트/속성/plotOption bar",
  "title": "plotOption Bar",
  "description": "타입",
  "source": "@site/docs/2. 가이드/3. 차트/2. 속성/6. plotOption bar.md",
  "sourceDirName": "2. 가이드/3. 차트/2. 속성",
  "slug": "/가이드/차트/속성/plotOption bar",
  "permalink": "/docs/가이드/차트/속성/plotOption bar",
  "draft": false,
  "unlisted": false,
  "tags": [],
  "version": "current",
  "sidebarPosition": 6,
  "frontMatter": {},
  "sidebar": "guideSidebar",
  "previous": {
    "title": "plotOption Line",
    "permalink": "/docs/가이드/차트/속성/plotOption Line"
  },
  "next": {
    "title": "xAxis",
    "permalink": "/docs/가이드/차트/속성/xAxis"
  }
}