{
  "id": "가이드/차트/속성/legend",
  "title": "Legend",
  "description": "타입",
  "source": "@site/docs/2. 가이드/3. 차트/2. 속성/4. legend.md",
  "sourceDirName": "2. 가이드/3. 차트/2. 속성",
  "slug": "/가이드/차트/속성/legend",
  "permalink": "/docs/가이드/차트/속성/legend",
  "draft": false,
  "unlisted": false,
  "tags": [],
  "version": "current",
  "sidebarPosition": 4,
  "frontMatter": {},
  "sidebar": "guideSidebar",
  "previous": {
    "title": "subTitle",
    "permalink": "/docs/가이드/차트/속성/subtitle"
  },
  "next": {
    "title": "plotOption Pie",
    "permalink": "/docs/가이드/차트/속성/plotOption Pie"
  }
}