{
  "id": "시작하기/제품구성",
  "title": "제품구성",
  "description": "",
  "source": "@site/docs/1. 시작하기/2. 제품구성.md",
  "sourceDirName": "1. 시작하기",
  "slug": "/시작하기/제품구성",
  "permalink": "/docs/시작하기/제품구성",
  "draft": false,
  "unlisted": false,
  "tags": [],
  "version": "current",
  "sidebarPosition": 2,
  "frontMatter": {},
  "sidebar": "guideSidebar",
  "previous": {
    "title": "필수파일",
    "permalink": "/docs/시작하기/필수파일"
  },
  "next": {
    "title": "설치",
    "permalink": "/docs/시작하기/설치"
  }
}