{
  "id": "가이드/맵/속성/title",
  "title": "Title",
  "description": "타입",
  "source": "@site/docs/2. 가이드/4. 맵/2. 속성/3. title.md",
  "sourceDirName": "2. 가이드/4. 맵/2. 속성",
  "slug": "/가이드/맵/속성/title",
  "permalink": "/docs/가이드/맵/속성/title",
  "draft": false,
  "unlisted": false,
  "tags": [],
  "version": "current",
  "sidebarPosition": 3,
  "frontMatter": {},
  "sidebar": "guideSidebar",
  "previous": {
    "title": "point",
    "permalink": "/docs/가이드/맵/속성/point"
  },
  "next": {
    "title": "subTitle",
    "permalink": "/docs/가이드/맵/속성/subtitle"
  }
}