{
  "id": "가이드/시트/DataSet 가이드",
  "title": "DataSet 가이드",
  "description": "시트의 데이터셋 구조",
  "source": "@site/docs/2. 가이드/2. 시트/1. DataSet 가이드.md",
  "sourceDirName": "2. 가이드/2. 시트",
  "slug": "/가이드/시트/DataSet 가이드",
  "permalink": "/docs/가이드/시트/DataSet 가이드",
  "draft": false,
  "unlisted": false,
  "tags": [],
  "version": "current",
  "sidebarPosition": 1,
  "frontMatter": {},
  "sidebar": "guideSidebar",
  "previous": {
    "title": "removeWidget",
    "permalink": "/docs/가이드/대시보드/API/removeWidget"
  },
  "next": {
    "title": "Theme",
    "permalink": "/docs/가이드/시트/속성/Theme"
  }
}