{
  "id": "가이드/시트/속성/Data Merge",
  "title": "Row minHeight",
  "description": "타입",
  "source": "@site/docs/2. 가이드/2. 시트/2. 속성/7. Data Merge.md",
  "sourceDirName": "2. 가이드/2. 시트/2. 속성",
  "slug": "/가이드/시트/속성/Data Merge",
  "permalink": "/docs/가이드/시트/속성/Data Merge",
  "draft": false,
  "unlisted": false,
  "tags": [],
  "version": "current",
  "sidebarPosition": 7,
  "frontMatter": {},
  "sidebar": "guideSidebar",
  "previous": {
    "title": "Filter Dialog",
    "permalink": "/docs/가이드/시트/속성/Filter Dialog"
  },
  "next": {
    "title": "DataSet 가이드",
    "permalink": "/docs/가이드/차트/DataSet 가이드"
  }
}