{
  "id": "가이드/대시보드/속성/cellHeight",
  "title": "cellHeight",
  "description": "타입",
  "source": "@site/docs/2. 가이드/1. 대시보드/1. 속성/3. cellHeight.md",
  "sourceDirName": "2. 가이드/1. 대시보드/1. 속성",
  "slug": "/가이드/대시보드/속성/cellHeight",
  "permalink": "/docs/가이드/대시보드/속성/cellHeight",
  "draft": false,
  "unlisted": false,
  "tags": [],
  "version": "current",
  "sidebarPosition": 3,
  "frontMatter": {},
  "sidebar": "guideSidebar",
  "previous": {
    "title": "margin",
    "permalink": "/docs/가이드/대시보드/속성/margin"
  },
  "next": {
    "title": "children",
    "permalink": "/docs/가이드/대시보드/속성/children"
  }
}