{
  "id": "가이드/대시보드/Static API/destroy",
  "title": "destroy",
  "description": "타입",
  "source": "@site/docs/2. 가이드/1. 대시보드/2. Static API/2. destroy.md",
  "sourceDirName": "2. 가이드/1. 대시보드/2. Static API",
  "slug": "/가이드/대시보드/Static API/destroy",
  "permalink": "/docs/가이드/대시보드/Static API/destroy",
  "draft": false,
  "unlisted": false,
  "tags": [],
  "version": "current",
  "sidebarPosition": 2,
  "frontMatter": {},
  "sidebar": "guideSidebar",
  "previous": {
    "title": "create",
    "permalink": "/docs/가이드/대시보드/Static API/create"
  },
  "next": {
    "title": "get",
    "permalink": "/docs/가이드/대시보드/Static API/get"
  }
}