{
  "id": "가이드/대시보드/API/selectWidget",
  "title": "selectWidget",
  "description": "파라미터",
  "source": "@site/docs/2. 가이드/1. 대시보드/2. API/7. selectWidget.md",
  "sourceDirName": "2. 가이드/1. 대시보드/2. API",
  "slug": "/가이드/대시보드/API/selectWidget",
  "permalink": "/docs/가이드/대시보드/API/selectWidget",
  "draft": false,
  "unlisted": false,
  "tags": [],
  "version": "current",
  "sidebarPosition": 7,
  "frontMatter": {},
  "sidebar": "guideSidebar",
  "previous": {
    "title": "getWidget",
    "permalink": "/docs/가이드/대시보드/API/getWidget"
  },
  "next": {
    "title": "updateWidget",
    "permalink": "/docs/가이드/대시보드/API/updateWidget"
  }
}