{
  "id": "가이드/대시보드/API/destroy",
  "title": "destroy",
  "description": "타입",
  "source": "@site/docs/2. 가이드/1. 대시보드/2. API/1. destroy.md",
  "sourceDirName": "2. 가이드/1. 대시보드/2. API",
  "slug": "/가이드/대시보드/API/destroy",
  "permalink": "/docs/가이드/대시보드/API/destroy",
  "draft": false,
  "unlisted": false,
  "tags": [],
  "version": "current",
  "sidebarPosition": 1,
  "frontMatter": {},
  "sidebar": "guideSidebar",
  "previous": {
    "title": "create",
    "permalink": "/docs/가이드/대시보드/API/create"
  },
  "next": {
    "title": "serialize",
    "permalink": "/docs/가이드/대시보드/API/serialize"
  }
}