{
  "id": "가이드/맵/속성/테마",
  "title": "테마",
  "description": "",
  "source": "@site/docs/2. 가이드/4. 맵/2. 속성/1. 테마.md",
  "sourceDirName": "2. 가이드/4. 맵/2. 속성",
  "slug": "/가이드/맵/속성/테마",
  "permalink": "/docs/가이드/맵/속성/테마",
  "draft": false,
  "unlisted": false,
  "tags": [],
  "version": "current",
  "sidebarPosition": 1,
  "frontMatter": {},
  "sidebar": "guideSidebar",
  "previous": {
    "title": "index - 복사본 (3)",
    "permalink": "/docs/가이드/맵/속성/index - 복사본 (3)"
  },
  "next": {
    "title": "point",
    "permalink": "/docs/가이드/맵/속성/point"
  }
}