{
  "id": "가이드/대시보드/Static API/create",
  "title": "create",
  "description": "타입",
  "source": "@site/docs/2. 가이드/1. 대시보드/2. Static API/1. create.md",
  "sourceDirName": "2. 가이드/1. 대시보드/2. Static API",
  "slug": "/가이드/대시보드/Static API/create",
  "permalink": "/docs/가이드/대시보드/Static API/create",
  "draft": false,
  "unlisted": false,
  "tags": [],
  "version": "current",
  "sidebarPosition": 1,
  "frontMatter": {},
  "sidebar": "guideSidebar",
  "previous": {
    "title": "minRow",
    "permalink": "/docs/가이드/대시보드/속성/minRow"
  },
  "next": {
    "title": "destroy",
    "permalink": "/docs/가이드/대시보드/Static API/destroy"
  }
}