{
  "id": "가이드/대시보드/API/2-1. deserialize",
  "title": "deserialize",
  "description": "파라미터",
  "source": "@site/docs/2. 가이드/1. 대시보드/2. API/2-1. deserialize.md",
  "sourceDirName": "2. 가이드/1. 대시보드/2. API",
  "slug": "/가이드/대시보드/API/2-1. deserialize",
  "permalink": "/docs/가이드/대시보드/API/2-1. deserialize",
  "draft": false,
  "unlisted": false,
  "tags": [],
  "version": "current",
  "frontMatter": {},
  "sidebar": "guideSidebar",
  "previous": {
    "title": "get",
    "permalink": "/docs/가이드/대시보드/API/get"
  },
  "next": {
    "title": "DataSet 가이드",
    "permalink": "/docs/가이드/시트/DataSet 가이드"
  }
}