{
  "id": "가이드/차트/속성/plotOption Pie - 복사본",
  "title": "plotOption Pie - 복사본",
  "description": "",
  "source": "@site/docs/2. 가이드/3. 차트/2. 속성/5. plotOption Pie - 복사본.md",
  "sourceDirName": "2. 가이드/3. 차트/2. 속성",
  "slug": "/가이드/차트/속성/plotOption Pie - 복사본",
  "permalink": "/docs/가이드/차트/속성/plotOption Pie - 복사본",
  "draft": false,
  "unlisted": false,
  "tags": [],
  "version": "current",
  "sidebarPosition": 5,
  "frontMatter": {},
  "sidebar": "guideSidebar",
  "previous": {
    "title": "legend",
    "permalink": "/docs/가이드/차트/속성/legend"
  },
  "next": {
    "title": "plotOption Pie",
    "permalink": "/docs/가이드/차트/속성/plotOption Pie"
  }
}