{
  "id": "가이드/대시보드/속성/minRow",
  "title": "minRow",
  "description": "타입",
  "source": "@site/docs/2. 가이드/1. 대시보드/1. 속성/10. minRow.md",
  "sourceDirName": "2. 가이드/1. 대시보드/1. 속성",
  "slug": "/가이드/대시보드/속성/minRow",
  "permalink": "/docs/가이드/대시보드/속성/minRow",
  "draft": false,
  "unlisted": false,
  "tags": [],
  "version": "current",
  "sidebarPosition": 10,
  "frontMatter": {},
  "sidebar": "guideSidebar",
  "previous": {
    "title": "maxRow",
    "permalink": "/docs/가이드/대시보드/속성/maxRow"
  },
  "next": {
    "title": "create",
    "permalink": "/docs/가이드/대시보드/Static API/create"
  }
}