{
  "id": "시작하기/구성/데이터셋 구성",
  "title": "데이터셋 구성",
  "description": "데이터셋 구조",
  "source": "@site/docs/1. 시작하기/4. 구성/2. 데이터셋 구성.md",
  "sourceDirName": "1. 시작하기/4. 구성",
  "slug": "/시작하기/구성/데이터셋 구성",
  "permalink": "/docs/시작하기/구성/데이터셋 구성",
  "draft": false,
  "unlisted": false,
  "tags": [],
  "version": "current",
  "sidebarPosition": 2,
  "frontMatter": {},
  "sidebar": "guideSidebar",
  "previous": {
    "title": "사이드바 구성",
    "permalink": "/docs/시작하기/구성/사이드바 구성"
  },
  "next": {
    "title": "위젯 종류",
    "permalink": "/docs/시작하기/구성/위젯 종류"
  }
}