{
  "id": "가이드/대시보드/Static API/deserialize",
  "title": "deserialize",
  "description": "타입",
  "source": "@site/docs/2. 가이드/1. 대시보드/2. Static API/4. deserialize.md",
  "sourceDirName": "2. 가이드/1. 대시보드/2. Static API",
  "slug": "/가이드/대시보드/Static API/deserialize",
  "permalink": "/docs/가이드/대시보드/Static API/deserialize",
  "draft": false,
  "unlisted": false,
  "tags": [],
  "version": "current",
  "sidebarPosition": 4,
  "frontMatter": {},
  "sidebar": "guideSidebar",
  "previous": {
    "title": "get",
    "permalink": "/docs/가이드/대시보드/Static API/get"
  },
  "next": {
    "title": "serialize",
    "permalink": "/docs/가이드/대시보드/API/serialize"
  }
}