{
  "id": "가이드/맵/속성/theme",
  "title": "Theme",
  "description": "타입",
  "source": "@site/docs/2. 가이드/4. 맵/2. 속성/1. theme.md",
  "sourceDirName": "2. 가이드/4. 맵/2. 속성",
  "slug": "/가이드/맵/속성/theme",
  "permalink": "/docs/가이드/맵/속성/theme",
  "draft": false,
  "unlisted": false,
  "tags": [],
  "version": "current",
  "sidebarPosition": 1,
  "frontMatter": {},
  "sidebar": "guideSidebar",
  "previous": {
    "title": "맵의 데이터셋 구조",
    "permalink": "/docs/가이드/맵/DataSet 가이드"
  },
  "next": {
    "title": "point",
    "permalink": "/docs/가이드/맵/속성/point"
  }
}