{
  "id": "가이드/맵/속성/index - 복사본 (2)",
  "title": "index - 복사본 (2)",
  "description": "",
  "source": "@site/docs/2. 가이드/4. 맵/2. 속성/1. index - 복사본 (2).md",
  "sourceDirName": "2. 가이드/4. 맵/2. 속성",
  "slug": "/가이드/맵/속성/index - 복사본 (2)",
  "permalink": "/docs/가이드/맵/속성/index - 복사본 (2)",
  "draft": false,
  "unlisted": false,
  "tags": [],
  "version": "current",
  "sidebarPosition": 1,
  "frontMatter": {},
  "sidebar": "guideSidebar",
  "previous": {
    "title": "맵의 데이터셋 구조",
    "permalink": "/docs/가이드/맵/DataSet 가이드"
  },
  "next": {
    "title": "index - 복사본 (3)",
    "permalink": "/docs/가이드/맵/속성/index - 복사본 (3)"
  }
}