{
  "id": "가이드/맵/속성/index",
  "title": "index",
  "description": "",
  "source": "@site/docs/2. 가이드/4. 맵/2. 속성/1. index.md",
  "sourceDirName": "2. 가이드/4. 맵/2. 속성",
  "slug": "/가이드/맵/속성/index",
  "permalink": "/docs/가이드/맵/속성/index",
  "draft": false,
  "unlisted": false,
  "tags": [],
  "version": "current",
  "sidebarPosition": 1,
  "frontMatter": {},
  "sidebar": "guideSidebar",
  "previous": {
    "title": "index - 복사본",
    "permalink": "/docs/가이드/맵/속성/index - 복사본"
  },
  "next": {
    "title": "KPI의 데이터셋 구조",
    "permalink": "/docs/가이드/KPI/DataSet 가이드"
  }
}