{
  "id": "가이드/차트/속성/xAxis",
  "title": "xAxis",
  "description": "타입",
  "source": "@site/docs/2. 가이드/3. 차트/2. 속성/7. xAxis.md",
  "sourceDirName": "2. 가이드/3. 차트/2. 속성",
  "slug": "/가이드/차트/속성/xAxis",
  "permalink": "/docs/가이드/차트/속성/xAxis",
  "draft": false,
  "unlisted": false,
  "tags": [],
  "version": "current",
  "sidebarPosition": 7,
  "frontMatter": {},
  "sidebar": "guideSidebar",
  "previous": {
    "title": "plotOption Bar",
    "permalink": "/docs/가이드/차트/속성/plotOption bar"
  },
  "next": {
    "title": "yAxis",
    "permalink": "/docs/가이드/차트/속성/yAxis"
  }
}