{
  "id": "시작하기/구성/위젯 생성",
  "title": "위젯 생성",
  "description": "위젯 추가하기",
  "source": "@site/docs/1. 시작하기/4. 구성/4. 위젯 생성.md",
  "sourceDirName": "1. 시작하기/4. 구성",
  "slug": "/시작하기/구성/위젯 생성",
  "permalink": "/docs/시작하기/구성/위젯 생성",
  "draft": false,
  "unlisted": false,
  "tags": [],
  "version": "current",
  "sidebarPosition": 4,
  "frontMatter": {},
  "sidebar": "guideSidebar",
  "previous": {
    "title": "위젯 종류",
    "permalink": "/docs/시작하기/구성/위젯 종류"
  },
  "next": {
    "title": "level",
    "permalink": "/docs/가이드/대시보드/속성/level"
  }
}