{
  "id": "가이드/이미지/URL 가이드",
  "title": "URL 가이드",
  "description": "이미지 URL 세팅",
  "source": "@site/docs/2. 가이드/6. 이미지/1. URL 가이드.md",
  "sourceDirName": "2. 가이드/6. 이미지",
  "slug": "/가이드/이미지/URL 가이드",
  "permalink": "/docs/가이드/이미지/URL 가이드",
  "draft": false,
  "unlisted": false,
  "tags": [],
  "version": "current",
  "sidebarPosition": 1,
  "frontMatter": {},
  "sidebar": "guideSidebar",
  "previous": {
    "title": "subTitle",
    "permalink": "/docs/가이드/KPI/속성/subtitle"
  }
}