{
  "id": "가이드/시트/속성/Filter Dialog",
  "title": "Filter Dialog",
  "description": "타입",
  "source": "@site/docs/2. 가이드/2. 시트/2. 속성/6. Filter Dialog.md",
  "sourceDirName": "2. 가이드/2. 시트/2. 속성",
  "slug": "/가이드/시트/속성/Filter Dialog",
  "permalink": "/docs/가이드/시트/속성/Filter Dialog",
  "draft": false,
  "unlisted": false,
  "tags": [],
  "version": "current",
  "sidebarPosition": 6,
  "frontMatter": {},
  "sidebar": "guideSidebar",
  "previous": {
    "title": "Filter Row",
    "permalink": "/docs/가이드/시트/속성/Filter Row"
  },
  "next": {
    "title": "Row minHeight",
    "permalink": "/docs/가이드/시트/속성/Data Merge"
  }
}