{
  "id": "가이드/차트/속성/subtitle",
  "title": "subTitle",
  "description": "타입",
  "source": "@site/docs/2. 가이드/3. 차트/2. 속성/3. subtitle.md",
  "sourceDirName": "2. 가이드/3. 차트/2. 속성",
  "slug": "/가이드/차트/속성/subtitle",
  "permalink": "/docs/가이드/차트/속성/subtitle",
  "draft": false,
  "unlisted": false,
  "tags": [],
  "version": "current",
  "sidebarPosition": 3,
  "frontMatter": {},
  "sidebar": "guideSidebar",
  "previous": {
    "title": "Title",
    "permalink": "/docs/가이드/차트/속성/title"
  },
  "next": {
    "title": "Legend",
    "permalink": "/docs/가이드/차트/속성/legend"
  }
}