{
  "id": "가이드/대시보드/속성/float",
  "title": "float",
  "description": "타입",
  "source": "@site/docs/2. 가이드/1. 대시보드/1. 속성/8. float.md",
  "sourceDirName": "2. 가이드/1. 대시보드/1. 속성",
  "slug": "/가이드/대시보드/속성/float",
  "permalink": "/docs/가이드/대시보드/속성/float",
  "draft": false,
  "unlisted": false,
  "tags": [],
  "version": "current",
  "sidebarPosition": 8,
  "frontMatter": {},
  "sidebar": "guideSidebar",
  "previous": {
    "title": "disableResize",
    "permalink": "/docs/가이드/대시보드/속성/disableResize"
  },
  "next": {
    "title": "maxRow",
    "permalink": "/docs/가이드/대시보드/속성/maxRow"
  }
}