{
  "id": "시작하기/설치",
  "title": "설치",
  "description": "시작하기에 앞서",
  "source": "@site/docs/1. 시작하기/3. 설치.md",
  "sourceDirName": "1. 시작하기",
  "slug": "/시작하기/설치",
  "permalink": "/docs/시작하기/설치",
  "draft": false,
  "unlisted": false,
  "tags": [],
  "version": "current",
  "sidebarPosition": 3,
  "frontMatter": {},
  "sidebar": "guideSidebar",
  "previous": {
    "title": "필수파일",
    "permalink": "/docs/시작하기/필수파일"
  },
  "next": {
    "title": "사이드바 구성",
    "permalink": "/docs/시작하기/구성/사이드바 구성"
  }
}