{
  "id": "가이드/차트/속성/title",
  "title": "Title",
  "description": "타입",
  "source": "@site/docs/2. 가이드/3. 차트/2. 속성/2. title.md",
  "sourceDirName": "2. 가이드/3. 차트/2. 속성",
  "slug": "/가이드/차트/속성/title",
  "permalink": "/docs/가이드/차트/속성/title",
  "draft": false,
  "unlisted": false,
  "tags": [],
  "version": "current",
  "sidebarPosition": 2,
  "frontMatter": {},
  "sidebar": "guideSidebar",
  "previous": {
    "title": "Theme",
    "permalink": "/docs/가이드/차트/속성/theme"
  },
  "next": {
    "title": "subTitle",
    "permalink": "/docs/가이드/차트/속성/subtitle"
  }
}