{
  "id": "가이드/이미지/DataSet 가이드",
  "title": "DataSet 가이드",
  "description": "",
  "source": "@site/docs/2. 가이드/6. 이미지/1. DataSet 가이드.md",
  "sourceDirName": "2. 가이드/6. 이미지",
  "slug": "/가이드/이미지/DataSet 가이드",
  "permalink": "/docs/가이드/이미지/DataSet 가이드",
  "draft": false,
  "unlisted": false,
  "editUrl": "https://github.com/facebook/docusaurus/tree/main/packages/create-docusaurus/templates/shared/docs/2. 가이드/6. 이미지/1. DataSet 가이드.md",
  "tags": [],
  "version": "current",
  "sidebarPosition": 1,
  "frontMatter": {},
  "sidebar": "guideSidebar",
  "previous": {
    "title": "index",
    "permalink": "/docs/가이드/KPI/속성/index"
  }
}