{
  "id": "가이드/맵/속성/map",
  "title": "subTitle",
  "description": "타입",
  "source": "@site/docs/2. 가이드/4. 맵/2. 속성/5. map.md",
  "sourceDirName": "2. 가이드/4. 맵/2. 속성",
  "slug": "/가이드/맵/속성/map",
  "permalink": "/docs/가이드/맵/속성/map",
  "draft": false,
  "unlisted": false,
  "tags": [],
  "version": "current",
  "sidebarPosition": 5,
  "frontMatter": {},
  "sidebar": "guideSidebar",
  "previous": {
    "title": "subTitle",
    "permalink": "/docs/가이드/맵/속성/subtitle"
  },
  "next": {
    "title": "KPI의 데이터셋 구조",
    "permalink": "/docs/가이드/KPI/DataSet 가이드"
  }
}