{
  "id": "가이드/차트/속성/yAxis",
  "title": "yAxis",
  "description": "타입",
  "source": "@site/docs/2. 가이드/3. 차트/2. 속성/8. yAxis.md",
  "sourceDirName": "2. 가이드/3. 차트/2. 속성",
  "slug": "/가이드/차트/속성/yAxis",
  "permalink": "/docs/가이드/차트/속성/yAxis",
  "draft": false,
  "unlisted": false,
  "tags": [],
  "version": "current",
  "sidebarPosition": 8,
  "frontMatter": {},
  "sidebar": "guideSidebar",
  "previous": {
    "title": "xAxis",
    "permalink": "/docs/가이드/차트/속성/xAxis"
  },
  "next": {
    "title": "맵의 데이터셋 구조",
    "permalink": "/docs/가이드/맵/DataSet 가이드"
  }
}