{
  "id": "가이드/시트/속성/CanSort",
  "title": "CanSort",
  "description": "타입",
  "source": "@site/docs/2. 가이드/2. 시트/2. 속성/4. CanSort.md",
  "sourceDirName": "2. 가이드/2. 시트/2. 속성",
  "slug": "/가이드/시트/속성/CanSort",
  "permalink": "/docs/가이드/시트/속성/CanSort",
  "draft": false,
  "unlisted": false,
  "tags": [],
  "version": "current",
  "sidebarPosition": 4,
  "frontMatter": {},
  "sidebar": "guideSidebar",
  "previous": {
    "title": "CustomScroll",
    "permalink": "/docs/가이드/시트/속성/CustomScroll"
  },
  "next": {
    "title": "Filter Row",
    "permalink": "/docs/가이드/시트/속성/Filter Row"
  }
}