{
  "id": "가이드/맵/속성/subtitle - 복사본",
  "title": "subtitle - 복사본",
  "description": "",
  "source": "@site/docs/2. 가이드/4. 맵/2. 속성/4. subtitle - 복사본.md",
  "sourceDirName": "2. 가이드/4. 맵/2. 속성",
  "slug": "/가이드/맵/속성/subtitle - 복사본",
  "permalink": "/docs/가이드/맵/속성/subtitle - 복사본",
  "draft": false,
  "unlisted": false,
  "tags": [],
  "version": "current",
  "sidebarPosition": 4,
  "frontMatter": {},
  "sidebar": "guideSidebar",
  "previous": {
    "title": "title",
    "permalink": "/docs/가이드/맵/속성/title"
  },
  "next": {
    "title": "subtitle",
    "permalink": "/docs/가이드/맵/속성/subtitle"
  }
}