{
  "id": "가이드/시트/속성/index",
  "title": "Theme",
  "description": "타입",
  "source": "@site/docs/2. 가이드/2. 시트/2. 속성/1. index.md",
  "sourceDirName": "2. 가이드/2. 시트/2. 속성",
  "slug": "/가이드/시트/속성/index",
  "permalink": "/docs/가이드/시트/속성/index",
  "draft": false,
  "unlisted": false,
  "tags": [],
  "version": "current",
  "sidebarPosition": 1,
  "frontMatter": {},
  "sidebar": "guideSidebar",
  "previous": {
    "title": "DataSet 가이드",
    "permalink": "/docs/가이드/시트/DataSet 가이드"
  },
  "next": {
    "title": "DataSet 가이드",
    "permalink": "/docs/가이드/차트/DataSet 가이드"
  }
}