{"version":{"pluginId":"default","version":"current","label":"Next","banner":null,"badge":false,"noIndex":false,"className":"docs-version-current","isLast":true,"docsSidebars":{"guideSidebar":[{"type":"link","label":"제품 개요 및 사용 가이드","href":"/docs/intro","docId":"intro","unlisted":false},{"type":"category","label":"시작하기","collapsible":true,"collapsed":true,"items":[{"type":"link","label":"필수파일","href":"/docs/시작하기/필수파일","docId":"시작하기/필수파일","unlisted":false},{"type":"link","label":"설치","href":"/docs/시작하기/설치","docId":"시작하기/설치","unlisted":false},{"type":"category","label":"구성","collapsible":true,"collapsed":true,"items":[{"type":"link","label":"사이드바 구성","href":"/docs/시작하기/구성/사이드바 구성","docId":"시작하기/구성/사이드바 구성","unlisted":false},{"type":"link","label":"데이터셋 구성","href":"/docs/시작하기/구성/데이터셋 구성","docId":"시작하기/구성/데이터셋 구성","unlisted":false},{"type":"link","label":"위젯 종류","href":"/docs/시작하기/구성/위젯 종류","docId":"시작하기/구성/위젯 종류","unlisted":false},{"type":"link","label":"위젯 생성","href":"/docs/시작하기/구성/위젯 생성","docId":"시작하기/구성/위젯 생성","unlisted":false}]}]},{"type":"category","label":"가이드","collapsible":true,"collapsed":true,"items":[{"type":"category","label":"대시보드","collapsible":true,"collapsed":true,"items":[{"type":"category","label":"속성","collapsible":true,"collapsed":true,"items":[{"type":"link","label":"level","href":"/docs/가이드/대시보드/속성/level","docId":"가이드/대시보드/속성/level","unlisted":false},{"type":"link","label":"margin","href":"/docs/가이드/대시보드/속성/margin","docId":"가이드/대시보드/속성/margin","unlisted":false},{"type":"link","label":"cellHeight","href":"/docs/가이드/대시보드/속성/cellHeight","docId":"가이드/대시보드/속성/cellHeight","unlisted":false},{"type":"link","label":"children","href":"/docs/가이드/대시보드/속성/children","docId":"가이드/대시보드/속성/children","unlisted":false},{"type":"link","label":"column","href":"/docs/가이드/대시보드/속성/column","docId":"가이드/대시보드/속성/column","unlisted":false},{"type":"link","label":"disableDrag","href":"/docs/가이드/대시보드/속성/disableDrag","docId":"가이드/대시보드/속성/disableDrag","unlisted":false},{"type":"link","label":"disableResize","href":"/docs/가이드/대시보드/속성/disableResize","docId":"가이드/대시보드/속성/disableResize","unlisted":false},{"type":"link","label":"float","href":"/docs/가이드/대시보드/속성/float","docId":"가이드/대시보드/속성/float","unlisted":false},{"type":"link","label":"maxRow","href":"/docs/가이드/대시보드/속성/maxRow","docId":"가이드/대시보드/속성/maxRow","unlisted":false},{"type":"link","label":"minRow","href":"/docs/가이드/대시보드/속성/minRow","docId":"가이드/대시보드/속성/minRow","unlisted":false}]},{"type":"category","label":"Static API","collapsible":true,"collapsed":true,"items":[{"type":"link","label":"create","href":"/docs/가이드/대시보드/Static API/create","docId":"가이드/대시보드/Static API/create","unlisted":false},{"type":"link","label":"destroy","href":"/docs/가이드/대시보드/Static API/destroy","docId":"가이드/대시보드/Static API/destroy","unlisted":false},{"type":"link","label":"get","href":"/docs/가이드/대시보드/Static API/get","docId":"가이드/대시보드/Static API/get","unlisted":false},{"type":"link","label":"deserialize","href":"/docs/가이드/대시보드/Static API/deserialize","docId":"가이드/대시보드/Static API/deserialize","unlisted":false}]},{"type":"category","label":"API","collapsible":true,"collapsed":true,"items":[{"type":"link","label":"serialize","href":"/docs/가이드/대시보드/API/serialize","docId":"가이드/대시보드/API/serialize","unlisted":false},{"type":"link","label":"addWidget","href":"/docs/가이드/대시보드/API/addWidget","docId":"가이드/대시보드/API/addWidget","unlisted":false},{"type":"link","label":"getWidget","href":"/docs/가이드/대시보드/API/getWidget","docId":"가이드/대시보드/API/getWidget","unlisted":false},{"type":"link","label":"selectWidget","href":"/docs/가이드/대시보드/API/selectWidget","docId":"가이드/대시보드/API/selectWidget","unlisted":false},{"type":"link","label":"updateWidget","href":"/docs/가이드/대시보드/API/updateWidget","docId":"가이드/대시보드/API/updateWidget","unlisted":false},{"type":"link","label":"removeWidget","href":"/docs/가이드/대시보드/API/removeWidget","docId":"가이드/대시보드/API/removeWidget","unlisted":false}]}]},{"type":"category","label":"시트","collapsible":true,"collapsed":true,"items":[{"type":"link","label":"DataSet 가이드","href":"/docs/가이드/시트/DataSet 가이드","docId":"가이드/시트/DataSet 가이드","unlisted":false},{"type":"category","label":"속성","collapsible":true,"collapsed":true,"items":[{"type":"link","label":"Theme","href":"/docs/가이드/시트/속성/Theme","docId":"가이드/시트/속성/Theme","unlisted":false},{"type":"link","label":"Row minHeight","href":"/docs/가이드/시트/속성/RowMinHeight","docId":"가이드/시트/속성/RowMinHeight","unlisted":false},{"type":"link","label":"CustomScroll","href":"/docs/가이드/시트/속성/CustomScroll","docId":"가이드/시트/속성/CustomScroll","unlisted":false},{"type":"link","label":"CanSort","href":"/docs/가이드/시트/속성/CanSort","docId":"가이드/시트/속성/CanSort","unlisted":false},{"type":"link","label":"Filter Row","href":"/docs/가이드/시트/속성/Filter Row","docId":"가이드/시트/속성/Filter Row","unlisted":false},{"type":"link","label":"Filter Dialog","href":"/docs/가이드/시트/속성/Filter Dialog","docId":"가이드/시트/속성/Filter Dialog","unlisted":false},{"type":"link","label":"Row minHeight","href":"/docs/가이드/시트/속성/Data Merge","docId":"가이드/시트/속성/Data Merge","unlisted":false}]}]},{"type":"category","label":"차트","collapsible":true,"collapsed":true,"items":[{"type":"link","label":"DataSet 가이드","href":"/docs/가이드/차트/DataSet 가이드","docId":"가이드/차트/DataSet 가이드","unlisted":false},{"type":"category","label":"속성","collapsible":true,"collapsed":true,"items":[{"type":"link","label":"Theme","href":"/docs/가이드/차트/속성/theme","docId":"가이드/차트/속성/theme","unlisted":false},{"type":"link","label":"Title","href":"/docs/가이드/차트/속성/title","docId":"가이드/차트/속성/title","unlisted":false},{"type":"link","label":"subTitle","href":"/docs/가이드/차트/속성/subtitle","docId":"가이드/차트/속성/subtitle","unlisted":false},{"type":"link","label":"Legend","href":"/docs/가이드/차트/속성/legend","docId":"가이드/차트/속성/legend","unlisted":false},{"type":"link","label":"plotOption Pie","href":"/docs/가이드/차트/속성/plotOption Pie","docId":"가이드/차트/속성/plotOption Pie","unlisted":false},{"type":"link","label":"plotOption Line","href":"/docs/가이드/차트/속성/plotOption Line","docId":"가이드/차트/속성/plotOption Line","unlisted":false},{"type":"link","label":"plotOption Bar","href":"/docs/가이드/차트/속성/plotOption bar","docId":"가이드/차트/속성/plotOption bar","unlisted":false},{"type":"link","label":"xAxis","href":"/docs/가이드/차트/속성/xAxis","docId":"가이드/차트/속성/xAxis","unlisted":false},{"type":"link","label":"yAxis","href":"/docs/가이드/차트/속성/yAxis","docId":"가이드/차트/속성/yAxis","unlisted":false}]}]},{"type":"category","label":"맵","collapsible":true,"collapsed":true,"items":[{"type":"link","label":"맵의 데이터셋 구조","href":"/docs/가이드/맵/DataSet 가이드","docId":"가이드/맵/DataSet 가이드","unlisted":false},{"type":"category","label":"속성","collapsible":true,"collapsed":true,"items":[{"type":"link","label":"Theme","href":"/docs/가이드/맵/속성/theme","docId":"가이드/맵/속성/theme","unlisted":false},{"type":"link","label":"point","href":"/docs/가이드/맵/속성/point","docId":"가이드/맵/속성/point","unlisted":false},{"type":"link","label":"Title","href":"/docs/가이드/맵/속성/title","docId":"가이드/맵/속성/title","unlisted":false},{"type":"link","label":"subTitle","href":"/docs/가이드/맵/속성/subtitle","docId":"가이드/맵/속성/subtitle","unlisted":false},{"type":"link","label":"subTitle","href":"/docs/가이드/맵/속성/map","docId":"가이드/맵/속성/map","unlisted":false}]}]},{"type":"category","label":"KPI","collapsible":true,"collapsed":true,"items":[{"type":"link","label":"KPI의 데이터셋 구조","href":"/docs/가이드/KPI/DataSet 가이드","docId":"가이드/KPI/DataSet 가이드","unlisted":false},{"type":"category","label":"속성","collapsible":true,"collapsed":true,"items":[{"type":"link","label":"Title","href":"/docs/가이드/KPI/속성/title","docId":"가이드/KPI/속성/title","unlisted":false},{"type":"link","label":"data","href":"/docs/가이드/KPI/속성/data","docId":"가이드/KPI/속성/data","unlisted":false},{"type":"link","label":"subTitle","href":"/docs/가이드/KPI/속성/subtitle","docId":"가이드/KPI/속성/subtitle","unlisted":false}]}]},{"type":"category","label":"이미지","collapsible":true,"collapsed":true,"items":[{"type":"link","label":"URL 가이드","href":"/docs/가이드/이미지/URL 가이드","docId":"가이드/이미지/URL 가이드","unlisted":false}]}]}]},"docs":{"가이드/대시보드/속성/cellHeight":{"id":"가이드/대시보드/속성/cellHeight","title":"cellHeight","description":"타입","sidebar":"guideSidebar"},"가이드/대시보드/속성/children":{"id":"가이드/대시보드/속성/children","title":"children","description":"타입","sidebar":"guideSidebar"},"가이드/대시보드/속성/column":{"id":"가이드/대시보드/속성/column","title":"column","description":"타입","sidebar":"guideSidebar"},"가이드/대시보드/속성/disableDrag":{"id":"가이드/대시보드/속성/disableDrag","title":"disableDrag","description":"타입","sidebar":"guideSidebar"},"가이드/대시보드/속성/disableResize":{"id":"가이드/대시보드/속성/disableResize","title":"disableResize","description":"타입","sidebar":"guideSidebar"},"가이드/대시보드/속성/float":{"id":"가이드/대시보드/속성/float","title":"float","description":"타입","sidebar":"guideSidebar"},"가이드/대시보드/속성/level":{"id":"가이드/대시보드/속성/level","title":"level","description":"타입","sidebar":"guideSidebar"},"가이드/대시보드/속성/margin":{"id":"가이드/대시보드/속성/margin","title":"margin","description":"타입","sidebar":"guideSidebar"},"가이드/대시보드/속성/maxRow":{"id":"가이드/대시보드/속성/maxRow","title":"maxRow","description":"타입","sidebar":"guideSidebar"},"가이드/대시보드/속성/minRow":{"id":"가이드/대시보드/속성/minRow","title":"minRow","description":"타입","sidebar":"guideSidebar"},"가이드/대시보드/API/addWidget":{"id":"가이드/대시보드/API/addWidget","title":"addWidget","description":"파라미터","sidebar":"guideSidebar"},"가이드/대시보드/API/getWidget":{"id":"가이드/대시보드/API/getWidget","title":"getWidget","description":"파라미터","sidebar":"guideSidebar"},"가이드/대시보드/API/removeWidget":{"id":"가이드/대시보드/API/removeWidget","title":"removeWidget","description":"파라미터","sidebar":"guideSidebar"},"가이드/대시보드/API/selectWidget":{"id":"가이드/대시보드/API/selectWidget","title":"selectWidget","description":"파라미터","sidebar":"guideSidebar"},"가이드/대시보드/API/serialize":{"id":"가이드/대시보드/API/serialize","title":"serialize","description":"파라미터","sidebar":"guideSidebar"},"가이드/대시보드/API/updateWidget":{"id":"가이드/대시보드/API/updateWidget","title":"updateWidget","description":"파라미터","sidebar":"guideSidebar"},"가이드/대시보드/Static API/create":{"id":"가이드/대시보드/Static API/create","title":"create","description":"타입","sidebar":"guideSidebar"},"가이드/대시보드/Static API/deserialize":{"id":"가이드/대시보드/Static API/deserialize","title":"deserialize","description":"타입","sidebar":"guideSidebar"},"가이드/대시보드/Static API/destroy":{"id":"가이드/대시보드/Static API/destroy","title":"destroy","description":"타입","sidebar":"guideSidebar"},"가이드/대시보드/Static API/get":{"id":"가이드/대시보드/Static API/get","title":"get","description":"타입","sidebar":"guideSidebar"},"가이드/맵/속성/map":{"id":"가이드/맵/속성/map","title":"subTitle","description":"타입","sidebar":"guideSidebar"},"가이드/맵/속성/point":{"id":"가이드/맵/속성/point","title":"point","description":"타입","sidebar":"guideSidebar"},"가이드/맵/속성/subtitle":{"id":"가이드/맵/속성/subtitle","title":"subTitle","description":"타입","sidebar":"guideSidebar"},"가이드/맵/속성/theme":{"id":"가이드/맵/속성/theme","title":"Theme","description":"타입","sidebar":"guideSidebar"},"가이드/맵/속성/title":{"id":"가이드/맵/속성/title","title":"Title","description":"타입","sidebar":"guideSidebar"},"가이드/맵/DataSet 가이드":{"id":"가이드/맵/DataSet 가이드","title":"맵의 데이터셋 구조","description":"맵의 데이터셋 구조는 Position(위치), Latitude(위도), Longitude(경도), Series, Data Items로 구성되어 있습니다.","sidebar":"guideSidebar"},"가이드/시트/속성/CanSort":{"id":"가이드/시트/속성/CanSort","title":"CanSort","description":"타입","sidebar":"guideSidebar"},"가이드/시트/속성/CustomScroll":{"id":"가이드/시트/속성/CustomScroll","title":"CustomScroll","description":"타입","sidebar":"guideSidebar"},"가이드/시트/속성/Data Merge":{"id":"가이드/시트/속성/Data Merge","title":"Row minHeight","description":"타입","sidebar":"guideSidebar"},"가이드/시트/속성/Filter Dialog":{"id":"가이드/시트/속성/Filter Dialog","title":"Filter Dialog","description":"타입","sidebar":"guideSidebar"},"가이드/시트/속성/Filter Row":{"id":"가이드/시트/속성/Filter Row","title":"Filter Row","description":"타입","sidebar":"guideSidebar"},"가이드/시트/속성/RowMinHeight":{"id":"가이드/시트/속성/RowMinHeight","title":"Row minHeight","description":"타입","sidebar":"guideSidebar"},"가이드/시트/속성/Theme":{"id":"가이드/시트/속성/Theme","title":"Theme","description":"타입","sidebar":"guideSidebar"},"가이드/시트/DataSet 가이드":{"id":"가이드/시트/DataSet 가이드","title":"DataSet 가이드","description":"시트의 데이터셋 구조","sidebar":"guideSidebar"},"가이드/이미지/URL 가이드":{"id":"가이드/이미지/URL 가이드","title":"URL 가이드","description":"이미지 URL 세팅","sidebar":"guideSidebar"},"가이드/차트/속성/legend":{"id":"가이드/차트/속성/legend","title":"Legend","description":"타입","sidebar":"guideSidebar"},"가이드/차트/속성/plotOption bar":{"id":"가이드/차트/속성/plotOption bar","title":"plotOption Bar","description":"타입","sidebar":"guideSidebar"},"가이드/차트/속성/plotOption Line":{"id":"가이드/차트/속성/plotOption Line","title":"plotOption Line","description":"타입","sidebar":"guideSidebar"},"가이드/차트/속성/plotOption Pie":{"id":"가이드/차트/속성/plotOption Pie","title":"plotOption Pie","description":"타입","sidebar":"guideSidebar"},"가이드/차트/속성/subtitle":{"id":"가이드/차트/속성/subtitle","title":"subTitle","description":"타입","sidebar":"guideSidebar"},"가이드/차트/속성/theme":{"id":"가이드/차트/속성/theme","title":"Theme","description":"타입","sidebar":"guideSidebar"},"가이드/차트/속성/title":{"id":"가이드/차트/속성/title","title":"Title","description":"타입","sidebar":"guideSidebar"},"가이드/차트/속성/xAxis":{"id":"가이드/차트/속성/xAxis","title":"xAxis","description":"타입","sidebar":"guideSidebar"},"가이드/차트/속성/yAxis":{"id":"가이드/차트/속성/yAxis","title":"yAxis","description":"타입","sidebar":"guideSidebar"},"가이드/차트/DataSet 가이드":{"id":"가이드/차트/DataSet 가이드","title":"DataSet 가이드","description":"차트의 데이터셋 구조","sidebar":"guideSidebar"},"가이드/KPI/속성/data":{"id":"가이드/KPI/속성/data","title":"data","description":"타입","sidebar":"guideSidebar"},"가이드/KPI/속성/subtitle":{"id":"가이드/KPI/속성/subtitle","title":"subTitle","description":"타입","sidebar":"guideSidebar"},"가이드/KPI/속성/title":{"id":"가이드/KPI/속성/title","title":"Title","description":"타입","sidebar":"guideSidebar"},"가이드/KPI/DataSet 가이드":{"id":"가이드/KPI/DataSet 가이드","title":"KPI의 데이터셋 구조","description":"KPI의 데이터셋 구조는 KPI Column과 Data Items로 구성되어 있습니다.","sidebar":"guideSidebar"},"시작하기/구성/데이터셋 구성":{"id":"시작하기/구성/데이터셋 구성","title":"데이터셋 구성","description":"데이터셋 구조","sidebar":"guideSidebar"},"시작하기/구성/사이드바 구성":{"id":"시작하기/구성/사이드바 구성","title":"사이드바 구성","description":"사이드 바 구성 요소","sidebar":"guideSidebar"},"시작하기/구성/위젯 생성":{"id":"시작하기/구성/위젯 생성","title":"위젯 생성","description":"위젯 추가하기","sidebar":"guideSidebar"},"시작하기/구성/위젯 종류":{"id":"시작하기/구성/위젯 종류","title":"위젯 종류","description":"위젯 목록","sidebar":"guideSidebar"},"시작하기/설치":{"id":"시작하기/설치","title":"설치","description":"시작하기에 앞서","sidebar":"guideSidebar"},"시작하기/필수파일":{"id":"시작하기/필수파일","title":"필수파일","description":"Guide","sidebar":"guideSidebar"},"intro":{"id":"intro","title":"제품 개요 및 사용 가이드","description":"---","sidebar":"guideSidebar"}}}}